State,Sex,Age group,COVID-19 Deaths,Pneumonia and COVID-19 Deaths
United States,All Sexes,All Ages,212328,96557
United States,All Sexes,Under 1 year,26,4
United States,All Sexes,0-17 years,111,18
United States,All Sexes,1-4 years,15,2
United States,All Sexes,5-14 years,39,7
United States,All Sexes,15-24 years,388,138
United States,All Sexes,18-29 years,944,392
United States,All Sexes,25-34 years,1649,733
United States,All Sexes,30-49 years,9714,4377
United States,All Sexes,35-44 years,4262,1891
United States,All Sexes,45-54 years,11252,5309
United States,All Sexes,50-64 years,33896,16578
United States,All Sexes,55-64 years,27034,13281
United States,All Sexes,65-74 years,45951,22489
United States,All Sexes,75-84 years,56409,26484
United States,All Sexes,85 years and over,65303,26219
United States,Male,All Ages,114917,54658
United States,Male,Under 1 year,18,3
United States,Male,0-17 years,66,11
United States,Male,1-4 years,7,1
United States,Male,5-14 years,25,6
United States,Male,15-24 years,237,84
United States,Male,18-29 years,603,234
United States,Male,25-34 years,1076,465
United States,Male,30-49 years,6607,2987
United States,Male,35-44 years,2879,1280
United States,Male,45-54 years,7662,3634
United States,Male,50-64 years,22118,10779
United States,Male,55-64 years,17490,8538
United States,Male,65-74 years,28152,13897
United States,Male,75-84 years,31119,15032
United States,Male,85 years and over,26252,11718
United States,Female,All Ages,97405,41895
United States,Female,Under 1 year,8,1
United States,Female,0-17 years,45,7
United States,Female,1-4 years,8,1
United States,Female,5-14 years,14,1
United States,Female,15-24 years,151,54
United States,Female,18-29 years,341,158
United States,Female,25-34 years,573,268
United States,Female,30-49 years,3107,1390
United States,Female,35-44 years,1383,611
United States,Female,45-54 years,3588,1674
United States,Female,50-64 years,11776,5798
United States,Female,55-64 years,9544,4743
United States,Female,65-74 years,17798,8591
United States,Female,75-84 years,25289,11451
United States,Female,85 years and over,39049,14500
United States,Unknown,All Ages,6,4
United States,Unknown,Under 1 year,0,0
United States,Unknown,0-17 years,0,0
United States,Unknown,1-4 years,0,0
United States,Unknown,5-14 years,0,0
United States,Unknown,15-24 years,0,0
United States,Unknown,18-29 years,0,0
United States,Unknown,25-34 years,0,0
United States,Unknown,30-49 years,0,0
United States,Unknown,35-44 years,0,0
United States,Unknown,45-54 years,2,1
United States,Unknown,50-64 years,2,1
United States,Unknown,55-64 years,0,0
United States,Unknown,65-74 years,1,1
United States,Unknown,75-84 years,1,1
United States,Unknown,85 years and over,2,1
Alabama,All Sexes,All Ages,3770,1236
Alabama,Male,All Ages,1925,645
Alabama,Male,Under 1 year,0,0
Alabama,Male,0-17 years,0,0
Alabama,Male,1-4 years,0,0
Alabama,Male,5-14 years,0,0
Alabama,Male,15-24 years,0,0
Alabama,Male,18-29 years,11,0
Alabama,Male,25-34 years,18,0
Alabama,Male,30-49 years,106,37
Alabama,Male,35-44 years,48,20
Alabama,Male,45-54 years,127,33
Alabama,Male,50-64 years,362,108
Alabama,Male,55-64 years,283,87
Alabama,Male,65-74 years,532,184
Alabama,Male,75-84 years,551,192
Alabama,Male,85 years and over,362,122
Alabama,Female,All Ages,1845,591
Alabama,Female,Under 1 year,0,0
Alabama,Female,0-17 years,0,0
Alabama,Female,1-4 years,0,0
Alabama,Female,5-14 years,0,0
Alabama,Female,15-24 years,0,0
Alabama,Female,18-29 years,0,0
Alabama,Female,25-34 years,11,0
Alabama,Female,30-49 years,76,21
Alabama,Female,35-44 years,32,0
Alabama,Female,45-54 years,100,25
Alabama,Female,50-64 years,299,88
Alabama,Female,55-64 years,234,70
Alabama,Female,65-74 years,402,141
Alabama,Female,75-84 years,484,169
Alabama,Female,85 years and over,580,170
Alabama,Unknown,All Ages,0,0
Alabama,Unknown,Under 1 year,0,0
Alabama,Unknown,0-17 years,0,0
Alabama,Unknown,1-4 years,0,0
Alabama,Unknown,5-14 years,0,0
Alabama,Unknown,15-24 years,0,0
Alabama,Unknown,18-29 years,0,0
Alabama,Unknown,25-34 years,0,0
Alabama,Unknown,30-49 years,0,0
Alabama,Unknown,35-44 years,0,0
Alabama,Unknown,45-54 years,0,0
Alabama,Unknown,50-64 years,0,0
Alabama,Unknown,55-64 years,0,0
Alabama,Unknown,65-74 years,0,0
Alabama,Unknown,75-84 years,0,0
Alabama,Unknown,85 years and over,0,0
Alaska,All Sexes,All Ages,55,29
Alaska,Male,All Ages,34,13
Alaska,Male,Under 1 year,0,0
Alaska,Male,0-17 years,0,0
Alaska,Male,1-4 years,0,0
Alaska,Male,5-14 years,0,0
Alaska,Male,15-24 years,0,0
Alaska,Male,18-29 years,0,0
Alaska,Male,25-34 years,0,0
Alaska,Male,30-49 years,0,0
Alaska,Male,35-44 years,0,0
Alaska,Male,45-54 years,0,0
Alaska,Male,50-64 years,0,0
Alaska,Male,55-64 years,0,0
Alaska,Male,65-74 years,11,0
Alaska,Male,75-84 years,11,0
Alaska,Male,85 years and over,0,0
Alaska,Female,All Ages,21,16
Alaska,Female,Under 1 year,0,0
Alaska,Female,0-17 years,0,0
Alaska,Female,1-4 years,0,0
Alaska,Female,5-14 years,0,0
Alaska,Female,15-24 years,0,0
Alaska,Female,18-29 years,0,0
Alaska,Female,25-34 years,0,0
Alaska,Female,30-49 years,0,0
Alaska,Female,35-44 years,0,0
Alaska,Female,45-54 years,0,0
Alaska,Female,50-64 years,0,0
Alaska,Female,55-64 years,0,0
Alaska,Female,65-74 years,0,0
Alaska,Female,75-84 years,0,0
Alaska,Female,85 years and over,0,0
Alaska,Unknown,All Ages,0,0
Alaska,Unknown,Under 1 year,0,0
Alaska,Unknown,0-17 years,0,0
Alaska,Unknown,1-4 years,0,0
Alaska,Unknown,5-14 years,0,0
Alaska,Unknown,15-24 years,0,0
Alaska,Unknown,18-29 years,0,0
Alaska,Unknown,25-34 years,0,0
Alaska,Unknown,30-49 years,0,0
Alaska,Unknown,35-44 years,0,0
Alaska,Unknown,45-54 years,0,0
Alaska,Unknown,50-64 years,0,0
Alaska,Unknown,55-64 years,0,0
Alaska,Unknown,65-74 years,0,0
Alaska,Unknown,75-84 years,0,0
Alaska,Unknown,85 years and over,0,0
Arizona,All Sexes,All Ages,5227,2956
Arizona,Male,All Ages,3020,1732
Arizona,Male,Under 1 year,0,0
Arizona,Male,0-17 years,0,0
Arizona,Male,1-4 years,0,0
Arizona,Male,5-14 years,0,0
Arizona,Male,15-24 years,16,0
Arizona,Male,18-29 years,38,22
Arizona,Male,25-34 years,59,32
Arizona,Male,30-49 years,251,129
Arizona,Male,35-44 years,115,60
Arizona,Male,45-54 years,263,145
Arizona,Male,50-64 years,684,402
Arizona,Male,55-64 years,521,309
Arizona,Male,65-74 years,723,447
Arizona,Male,75-84 years,780,458
Arizona,Male,85 years and over,539,272
Arizona,Female,All Ages,2207,1224
Arizona,Female,Under 1 year,0,0
Arizona,Female,0-17 years,0,0
Arizona,Female,1-4 years,0,0
Arizona,Female,5-14 years,0,0
Arizona,Female,15-24 years,0,0
Arizona,Female,18-29 years,16,0
Arizona,Female,25-34 years,31,16
Arizona,Female,30-49 years,140,80
Arizona,Female,35-44 years,62,28
Arizona,Female,45-54 years,114,70
Arizona,Female,50-64 years,361,207
Arizona,Female,55-64 years,304,176
Arizona,Female,65-74 years,483,296
Arizona,Female,75-84 years,578,336
Arizona,Female,85 years and over,629,297
Arizona,Unknown,All Ages,0,0
Arizona,Unknown,Under 1 year,0,0
Arizona,Unknown,0-17 years,0,0
Arizona,Unknown,1-4 years,0,0
Arizona,Unknown,5-14 years,0,0
Arizona,Unknown,15-24 years,0,0
Arizona,Unknown,18-29 years,0,0
Arizona,Unknown,25-34 years,0,0
Arizona,Unknown,30-49 years,0,0
Arizona,Unknown,35-44 years,0,0
Arizona,Unknown,45-54 years,0,0
Arizona,Unknown,50-64 years,0,0
Arizona,Unknown,55-64 years,0,0
Arizona,Unknown,65-74 years,0,0
Arizona,Unknown,75-84 years,0,0
Arizona,Unknown,85 years and over,0,0
Arkansas,All Sexes,All Ages,1622,736
Arkansas,Male,All Ages,870,425
Arkansas,Male,Under 1 year,0,0
Arkansas,Male,0-17 years,0,0
Arkansas,Male,1-4 years,0,0
Arkansas,Male,5-14 years,0,0
Arkansas,Male,15-24 years,0,0
Arkansas,Male,18-29 years,0,0
Arkansas,Male,25-34 years,0,0
Arkansas,Male,30-49 years,42,16
Arkansas,Male,35-44 years,14,0
Arkansas,Male,45-54 years,59,28
Arkansas,Male,50-64 years,163,81
Arkansas,Male,55-64 years,126,62
Arkansas,Male,65-74 years,200,101
Arkansas,Male,75-84 years,266,139
Arkansas,Male,85 years and over,195,88
Arkansas,Female,All Ages,752,311
Arkansas,Female,Under 1 year,0,0
Arkansas,Female,0-17 years,0,0
Arkansas,Female,1-4 years,0,0
Arkansas,Female,5-14 years,0,0
Arkansas,Female,15-24 years,0,0
Arkansas,Female,18-29 years,0,0
Arkansas,Female,25-34 years,0,0
Arkansas,Female,30-49 years,42,17
Arkansas,Female,35-44 years,16,0
Arkansas,Female,45-54 years,32,17
Arkansas,Female,50-64 years,97,50
Arkansas,Female,55-64 years,85,43
Arkansas,Female,65-74 years,123,55
Arkansas,Female,75-84 years,192,89
Arkansas,Female,85 years and over,295,97
Arkansas,Unknown,All Ages,0,0
Arkansas,Unknown,Under 1 year,0,0
Arkansas,Unknown,0-17 years,0,0
Arkansas,Unknown,1-4 years,0,0
Arkansas,Unknown,5-14 years,0,0
Arkansas,Unknown,15-24 years,0,0
Arkansas,Unknown,18-29 years,0,0
Arkansas,Unknown,25-34 years,0,0
Arkansas,Unknown,30-49 years,0,0
Arkansas,Unknown,35-44 years,0,0
Arkansas,Unknown,45-54 years,0,0
Arkansas,Unknown,50-64 years,0,0
Arkansas,Unknown,55-64 years,0,0
Arkansas,Unknown,65-74 years,0,0
Arkansas,Unknown,75-84 years,0,0
Arkansas,Unknown,85 years and over,0,0
California,All Sexes,All Ages,16663,9335
California,Male,All Ages,9654,5559
California,Male,Under 1 year,0,0
California,Male,0-17 years,0,0
California,Male,1-4 years,0,0
California,Male,5-14 years,0,0
California,Male,15-24 years,25,12
California,Male,18-29 years,65,25
California,Male,25-34 years,117,54
California,Male,30-49 years,765,430
California,Male,35-44 years,331,182
California,Male,45-54 years,865,497
California,Male,50-64 years,2289,1343
California,Male,55-64 years,1782,1053
California,Male,65-74 years,2352,1387
California,Male,75-84 years,2205,1307
California,Male,85 years and over,1976,1067
California,Female,All Ages,7009,3776
California,Female,Under 1 year,0,0
California,Female,0-17 years,0,0
California,Female,1-4 years,0,0
California,Female,5-14 years,0,0
California,Female,15-24 years,24,0
California,Female,18-29 years,44,21
California,Female,25-34 years,64,32
California,Female,30-49 years,303,159
California,Female,35-44 years,142,78
California,Female,45-54 years,334,189
California,Female,50-64 years,968,574
California,Female,55-64 years,753,448
California,Female,65-74 years,1298,784
California,Female,75-84 years,1724,944
California,Female,85 years and over,2669,1294
California,Unknown,All Ages,0,0
California,Unknown,Under 1 year,0,0
California,Unknown,0-17 years,0,0
California,Unknown,1-4 years,0,0
California,Unknown,5-14 years,0,0
California,Unknown,15-24 years,0,0
California,Unknown,18-29 years,0,0
California,Unknown,25-34 years,0,0
California,Unknown,30-49 years,0,0
California,Unknown,35-44 years,0,0
California,Unknown,45-54 years,0,0
California,Unknown,50-64 years,0,0
California,Unknown,55-64 years,0,0
California,Unknown,65-74 years,0,0
California,Unknown,75-84 years,0,0
California,Unknown,85 years and over,0,0
Colorado,All Sexes,All Ages,2094,1062
Colorado,Male,All Ages,1167,618
Colorado,Male,Under 1 year,0,0
Colorado,Male,0-17 years,0,0
Colorado,Male,1-4 years,0,0
Colorado,Male,5-14 years,0,0
Colorado,Male,15-24 years,0,0
Colorado,Male,18-29 years,0,0
Colorado,Male,25-34 years,0,0
Colorado,Male,30-49 years,58,27
Colorado,Male,35-44 years,20,10
Colorado,Male,45-54 years,74,35
Colorado,Male,50-64 years,192,97
Colorado,Male,55-64 years,153,76
Colorado,Male,65-74 years,253,143
Colorado,Male,75-84 years,323,188
Colorado,Male,85 years and over,332,160
Colorado,Female,All Ages,927,444
Colorado,Female,Under 1 year,0,0
Colorado,Female,0-17 years,0,0
Colorado,Female,1-4 years,0,0
Colorado,Female,5-14 years,0,0
Colorado,Female,15-24 years,0,0
Colorado,Female,18-29 years,0,0
Colorado,Female,25-34 years,0,0
Colorado,Female,30-49 years,17,0
Colorado,Female,35-44 years,10,0
Colorado,Female,45-54 years,24,12
Colorado,Female,50-64 years,76,43
Colorado,Female,55-64 years,57,33
Colorado,Female,65-74 years,145,69
Colorado,Female,75-84 years,256,120
Colorado,Female,85 years and over,430,205
Colorado,Unknown,All Ages,0,0
Colorado,Unknown,Under 1 year,0,0
Colorado,Unknown,0-17 years,0,0
Colorado,Unknown,1-4 years,0,0
Colorado,Unknown,5-14 years,0,0
Colorado,Unknown,15-24 years,0,0
Colorado,Unknown,18-29 years,0,0
Colorado,Unknown,25-34 years,0,0
Colorado,Unknown,30-49 years,0,0
Colorado,Unknown,35-44 years,0,0
Colorado,Unknown,45-54 years,0,0
Colorado,Unknown,50-64 years,0,0
Colorado,Unknown,55-64 years,0,0
Colorado,Unknown,65-74 years,0,0
Colorado,Unknown,75-84 years,0,0
Colorado,Unknown,85 years and over,0,0
Connecticut,All Sexes,All Ages,4492,975
Connecticut,Male,All Ages,2156,512
Connecticut,Male,Under 1 year,0,0
Connecticut,Male,0-17 years,0,0
Connecticut,Male,1-4 years,0,0
Connecticut,Male,5-14 years,0,0
Connecticut,Male,15-24 years,0,0
Connecticut,Male,18-29 years,0,0
Connecticut,Male,25-34 years,11,0
Connecticut,Male,30-49 years,60,0
Connecticut,Male,35-44 years,19,0
Connecticut,Male,45-54 years,78,14
Connecticut,Male,50-64 years,289,67
Connecticut,Male,55-64 years,244,55
Connecticut,Male,65-74 years,467,120
Connecticut,Male,75-84 years,588,138
Connecticut,Male,85 years and over,748,181
Connecticut,Female,All Ages,2336,463
Connecticut,Female,Under 1 year,0,0
Connecticut,Female,0-17 years,0,0
Connecticut,Female,1-4 years,0,0
Connecticut,Female,5-14 years,0,0
Connecticut,Female,15-24 years,0,0
Connecticut,Female,18-29 years,0,0
Connecticut,Female,25-34 years,0,0
Connecticut,Female,30-49 years,25,0
Connecticut,Female,35-44 years,10,0
Connecticut,Female,45-54 years,27,0
Connecticut,Female,50-64 years,144,32
Connecticut,Female,55-64 years,129,28
Connecticut,Female,65-74 years,305,72
Connecticut,Female,75-84 years,584,134
Connecticut,Female,85 years and over,1275,221
Connecticut,Unknown,All Ages,0,0
Connecticut,Unknown,Under 1 year,0,0
Connecticut,Unknown,0-17 years,0,0
Connecticut,Unknown,1-4 years,0,0
Connecticut,Unknown,5-14 years,0,0
Connecticut,Unknown,15-24 years,0,0
Connecticut,Unknown,18-29 years,0,0
Connecticut,Unknown,25-34 years,0,0
Connecticut,Unknown,30-49 years,0,0
Connecticut,Unknown,35-44 years,0,0
Connecticut,Unknown,45-54 years,0,0
Connecticut,Unknown,50-64 years,0,0
Connecticut,Unknown,55-64 years,0,0
Connecticut,Unknown,65-74 years,0,0
Connecticut,Unknown,75-84 years,0,0
Connecticut,Unknown,85 years and over,0,0
Delaware,All Sexes,All Ages,596,231
Delaware,Male,All Ages,280,118
Delaware,Male,Under 1 year,0,0
Delaware,Male,0-17 years,0,0
Delaware,Male,1-4 years,0,0
Delaware,Male,5-14 years,0,0
Delaware,Male,15-24 years,0,0
Delaware,Male,18-29 years,0,0
Delaware,Male,25-34 years,0,0
Delaware,Male,30-49 years,11,0
Delaware,Male,35-44 years,0,0
Delaware,Male,45-54 years,12,0
Delaware,Male,50-64 years,42,22
Delaware,Male,55-64 years,35,18
Delaware,Male,65-74 years,79,37
Delaware,Male,75-84 years,79,29
Delaware,Male,85 years and over,67,27
Delaware,Female,All Ages,316,113
Delaware,Female,Under 1 year,0,0
Delaware,Female,0-17 years,0,0
Delaware,Female,1-4 years,0,0
Delaware,Female,5-14 years,0,0
Delaware,Female,15-24 years,0,0
Delaware,Female,18-29 years,0,0
Delaware,Female,25-34 years,0,0
Delaware,Female,30-49 years,0,0
Delaware,Female,35-44 years,0,0
Delaware,Female,45-54 years,16,0
Delaware,Female,50-64 years,38,18
Delaware,Female,55-64 years,25,13
Delaware,Female,65-74 years,48,19
Delaware,Female,75-84 years,79,32
Delaware,Female,85 years and over,140,38
Delaware,Unknown,All Ages,0,0
Delaware,Unknown,Under 1 year,0,0
Delaware,Unknown,0-17 years,0,0
Delaware,Unknown,1-4 years,0,0
Delaware,Unknown,5-14 years,0,0
Delaware,Unknown,15-24 years,0,0
Delaware,Unknown,18-29 years,0,0
Delaware,Unknown,25-34 years,0,0
Delaware,Unknown,30-49 years,0,0
Delaware,Unknown,35-44 years,0,0
Delaware,Unknown,45-54 years,0,0
Delaware,Unknown,50-64 years,0,0
Delaware,Unknown,55-64 years,0,0
Delaware,Unknown,65-74 years,0,0
Delaware,Unknown,75-84 years,0,0
Delaware,Unknown,85 years and over,0,0
District of Columbia,All Sexes,All Ages,783,744
District of Columbia,Male,All Ages,457,432
District of Columbia,Male,Under 1 year,0,0
District of Columbia,Male,0-17 years,0,0
District of Columbia,Male,1-4 years,0,0
District of Columbia,Male,5-14 years,0,0
District of Columbia,Male,15-24 years,0,0
District of Columbia,Male,18-29 years,0,0
District of Columbia,Male,25-34 years,0,0
District of Columbia,Male,30-49 years,43,39
District of Columbia,Male,35-44 years,22,20
District of Columbia,Male,45-54 years,49,46
District of Columbia,Male,50-64 years,118,108
District of Columbia,Male,55-64 years,88,79
District of Columbia,Male,65-74 years,134,130
District of Columbia,Male,75-84 years,93,89
District of Columbia,Male,85 years and over,64,62
District of Columbia,Female,All Ages,326,312
District of Columbia,Female,Under 1 year,0,0
District of Columbia,Female,0-17 years,0,0
District of Columbia,Female,1-4 years,0,0
District of Columbia,Female,5-14 years,0,0
District of Columbia,Female,15-24 years,0,0
District of Columbia,Female,18-29 years,0,0
District of Columbia,Female,25-34 years,0,0
District of Columbia,Female,30-49 years,15,15
District of Columbia,Female,35-44 years,0,0
District of Columbia,Female,45-54 years,22,22
District of Columbia,Female,50-64 years,67,63
District of Columbia,Female,55-64 years,54,50
District of Columbia,Female,65-74 years,77,72
District of Columbia,Female,75-84 years,69,67
District of Columbia,Female,85 years and over,95,92
District of Columbia,Unknown,All Ages,0,0
District of Columbia,Unknown,Under 1 year,0,0
District of Columbia,Unknown,0-17 years,0,0
District of Columbia,Unknown,1-4 years,0,0
District of Columbia,Unknown,5-14 years,0,0
District of Columbia,Unknown,15-24 years,0,0
District of Columbia,Unknown,18-29 years,0,0
District of Columbia,Unknown,25-34 years,0,0
District of Columbia,Unknown,30-49 years,0,0
District of Columbia,Unknown,35-44 years,0,0
District of Columbia,Unknown,45-54 years,0,0
District of Columbia,Unknown,50-64 years,0,0
District of Columbia,Unknown,55-64 years,0,0
District of Columbia,Unknown,65-74 years,0,0
District of Columbia,Unknown,75-84 years,0,0
District of Columbia,Unknown,85 years and over,0,0
Florida,All Sexes,All Ages,16059,8741
Florida,Male,All Ages,8937,5038
Florida,Male,Under 1 year,0,0
Florida,Male,0-17 years,0,0
Florida,Male,1-4 years,0,0
Florida,Male,5-14 years,0,0
Florida,Male,15-24 years,20,0
Florida,Male,18-29 years,40,19
Florida,Male,25-34 years,62,32
Florida,Male,30-49 years,407,229
Florida,Male,35-44 years,181,98
Florida,Male,45-54 years,462,259
Florida,Male,50-64 years,1481,845
Florida,Male,55-64 years,1205,696
Florida,Male,65-74 years,2142,1248
Florida,Male,75-84 years,2653,1498
Florida,Male,85 years and over,2211,1198
Florida,Female,All Ages,7122,3703
Florida,Female,Under 1 year,0,0
Florida,Female,0-17 years,0,0
Florida,Female,1-4 years,0,0
Florida,Female,5-14 years,0,0
Florida,Female,15-24 years,13,0
Florida,Female,18-29 years,20,10
Florida,Female,25-34 years,37,25
Florida,Female,30-49 years,219,125
Florida,Female,35-44 years,101,51
Florida,Female,45-54 years,223,120
Florida,Female,50-64 years,759,416
Florida,Female,55-64 years,626,351
Florida,Female,65-74 years,1351,764
Florida,Female,75-84 years,1993,1086
Florida,Female,85 years and over,2774,1300
Florida,Unknown,All Ages,0,0
Florida,Unknown,Under 1 year,0,0
Florida,Unknown,0-17 years,0,0
Florida,Unknown,1-4 years,0,0
Florida,Unknown,5-14 years,0,0
Florida,Unknown,15-24 years,0,0
Florida,Unknown,18-29 years,0,0
Florida,Unknown,25-34 years,0,0
Florida,Unknown,30-49 years,0,0
Florida,Unknown,35-44 years,0,0
Florida,Unknown,45-54 years,0,0
Florida,Unknown,50-64 years,0,0
Florida,Unknown,55-64 years,0,0
Florida,Unknown,65-74 years,0,0
Florida,Unknown,75-84 years,0,0
Florida,Unknown,85 years and over,0,0
Georgia,All Sexes,All Ages,6746,3185
Georgia,Male,All Ages,3561,1765
Georgia,Male,Under 1 year,0,0
Georgia,Male,0-17 years,0,0
Georgia,Male,1-4 years,0,0
Georgia,Male,5-14 years,0,0
Georgia,Male,15-24 years,10,0
Georgia,Male,18-29 years,18,0
Georgia,Male,25-34 years,36,10
Georgia,Male,30-49 years,213,97
Georgia,Male,35-44 years,86,37
Georgia,Male,45-54 years,256,133
Georgia,Male,50-64 years,736,357
Georgia,Male,55-64 years,581,277
Georgia,Male,65-74 years,999,509
Georgia,Male,75-84 years,978,519
Georgia,Male,85 years and over,610,277
Georgia,Female,All Ages,3185,1420
Georgia,Female,Under 1 year,0,0
Georgia,Female,0-17 years,0,0
Georgia,Female,1-4 years,0,0
Georgia,Female,5-14 years,0,0
Georgia,Female,15-24 years,0,0
Georgia,Female,18-29 years,17,0
Georgia,Female,25-34 years,34,13
Georgia,Female,30-49 years,161,64
Georgia,Female,35-44 years,71,26
Georgia,Female,45-54 years,152,76
Georgia,Female,50-64 years,495,241
Georgia,Female,55-64 years,409,195
Georgia,Female,65-74 years,701,318
Georgia,Female,75-84 years,849,400
Georgia,Female,85 years and over,961,389
Georgia,Unknown,All Ages,0,0
Georgia,Unknown,Under 1 year,0,0
Georgia,Unknown,0-17 years,0,0
Georgia,Unknown,1-4 years,0,0
Georgia,Unknown,5-14 years,0,0
Georgia,Unknown,15-24 years,0,0
Georgia,Unknown,18-29 years,0,0
Georgia,Unknown,25-34 years,0,0
Georgia,Unknown,30-49 years,0,0
Georgia,Unknown,35-44 years,0,0
Georgia,Unknown,45-54 years,0,0
Georgia,Unknown,50-64 years,0,0
Georgia,Unknown,55-64 years,0,0
Georgia,Unknown,65-74 years,0,0
Georgia,Unknown,75-84 years,0,0
Georgia,Unknown,85 years and over,0,0
Hawaii,All Sexes,All Ages,241,109
Hawaii,Male,All Ages,144,65
Hawaii,Male,Under 1 year,0,0
Hawaii,Male,0-17 years,0,0
Hawaii,Male,1-4 years,0,0
Hawaii,Male,5-14 years,0,0
Hawaii,Male,15-24 years,0,0
Hawaii,Male,18-29 years,0,0
Hawaii,Male,25-34 years,0,0
Hawaii,Male,30-49 years,0,0
Hawaii,Male,35-44 years,0,0
Hawaii,Male,45-54 years,11,0
Hawaii,Male,50-64 years,32,15
Hawaii,Male,55-64 years,21,11
Hawaii,Male,65-74 years,36,17
Hawaii,Male,75-84 years,34,14
Hawaii,Male,85 years and over,39,18
Hawaii,Female,All Ages,97,44
Hawaii,Female,Under 1 year,0,0
Hawaii,Female,0-17 years,0,0
Hawaii,Female,1-4 years,0,0
Hawaii,Female,5-14 years,0,0
Hawaii,Female,15-24 years,0,0
Hawaii,Female,18-29 years,0,0
Hawaii,Female,25-34 years,0,0
Hawaii,Female,30-49 years,0,0
Hawaii,Female,35-44 years,0,0
Hawaii,Female,45-54 years,0,0
Hawaii,Female,50-64 years,15,0
Hawaii,Female,55-64 years,14,0
Hawaii,Female,65-74 years,17,0
Hawaii,Female,75-84 years,17,0
Hawaii,Female,85 years and over,42,17
Hawaii,Unknown,All Ages,0,0
Hawaii,Unknown,Under 1 year,0,0
Hawaii,Unknown,0-17 years,0,0
Hawaii,Unknown,1-4 years,0,0
Hawaii,Unknown,5-14 years,0,0
Hawaii,Unknown,15-24 years,0,0
Hawaii,Unknown,18-29 years,0,0
Hawaii,Unknown,25-34 years,0,0
Hawaii,Unknown,30-49 years,0,0
Hawaii,Unknown,35-44 years,0,0
Hawaii,Unknown,45-54 years,0,0
Hawaii,Unknown,50-64 years,0,0
Hawaii,Unknown,55-64 years,0,0
Hawaii,Unknown,65-74 years,0,0
Hawaii,Unknown,75-84 years,0,0
Hawaii,Unknown,85 years and over,0,0
Idaho,All Sexes,All Ages,571,223
Idaho,Male,All Ages,321,138
Idaho,Male,Under 1 year,0,0
Idaho,Male,0-17 years,0,0
Idaho,Male,1-4 years,0,0
Idaho,Male,5-14 years,0,0
Idaho,Male,15-24 years,0,0
Idaho,Male,18-29 years,0,0
Idaho,Male,25-34 years,0,0
Idaho,Male,30-49 years,11,0
Idaho,Male,35-44 years,0,0
Idaho,Male,45-54 years,0,0
Idaho,Male,50-64 years,32,13
Idaho,Male,55-64 years,28,12
Idaho,Male,65-74 years,69,32
Idaho,Male,75-84 years,107,43
Idaho,Male,85 years and over,101,47
Idaho,Female,All Ages,250,85
Idaho,Female,Under 1 year,0,0
Idaho,Female,0-17 years,0,0
Idaho,Female,1-4 years,0,0
Idaho,Female,5-14 years,0,0
Idaho,Female,15-24 years,0,0
Idaho,Female,18-29 years,0,0
Idaho,Female,25-34 years,0,0
Idaho,Female,30-49 years,0,0
Idaho,Female,35-44 years,0,0
Idaho,Female,45-54 years,0,0
Idaho,Female,50-64 years,20,0
Idaho,Female,55-64 years,17,0
Idaho,Female,65-74 years,49,22
Idaho,Female,75-84 years,58,20
Idaho,Female,85 years and over,116,32
Idaho,Unknown,All Ages,0,0
Idaho,Unknown,Under 1 year,0,0
Idaho,Unknown,0-17 years,0,0
Idaho,Unknown,1-4 years,0,0
Idaho,Unknown,5-14 years,0,0
Idaho,Unknown,15-24 years,0,0
Idaho,Unknown,18-29 years,0,0
Idaho,Unknown,25-34 years,0,0
Idaho,Unknown,30-49 years,0,0
Idaho,Unknown,35-44 years,0,0
Idaho,Unknown,45-54 years,0,0
Idaho,Unknown,50-64 years,0,0
Idaho,Unknown,55-64 years,0,0
Idaho,Unknown,65-74 years,0,0
Idaho,Unknown,75-84 years,0,0
Idaho,Unknown,85 years and over,0,0
Illinois,All Sexes,All Ages,8459,4113
Illinois,Male,All Ages,4617,2357
Illinois,Male,Under 1 year,0,0
Illinois,Male,0-17 years,0,0
Illinois,Male,1-4 years,0,0
Illinois,Male,5-14 years,0,0
Illinois,Male,15-24 years,10,0
Illinois,Male,18-29 years,25,0
Illinois,Male,25-34 years,46,14
Illinois,Male,30-49 years,303,127
Illinois,Male,35-44 years,136,56
Illinois,Male,45-54 years,338,158
Illinois,Male,50-64 years,881,452
Illinois,Male,55-64 years,679,357
Illinois,Male,65-74 years,1157,622
Illinois,Male,75-84 years,1217,649
Illinois,Male,85 years and over,1032,496
Illinois,Female,All Ages,3842,1756
Illinois,Female,Under 1 year,0,0
Illinois,Female,0-17 years,0,0
Illinois,Female,1-4 years,0,0
Illinois,Female,5-14 years,0,0
Illinois,Female,15-24 years,0,0
Illinois,Female,18-29 years,14,0
Illinois,Female,25-34 years,26,11
Illinois,Female,30-49 years,122,58
Illinois,Female,35-44 years,56,28
Illinois,Female,45-54 years,136,67
Illinois,Female,50-64 years,455,236
Illinois,Female,55-64 years,365,192
Illinois,Female,65-74 years,647,331
Illinois,Female,75-84 years,948,454
Illinois,Female,85 years and over,1655,671
Illinois,Unknown,All Ages,0,0
Illinois,Unknown,Under 1 year,0,0
Illinois,Unknown,0-17 years,0,0
Illinois,Unknown,1-4 years,0,0
Illinois,Unknown,5-14 years,0,0
Illinois,Unknown,15-24 years,0,0
Illinois,Unknown,18-29 years,0,0
Illinois,Unknown,25-34 years,0,0
Illinois,Unknown,30-49 years,0,0
Illinois,Unknown,35-44 years,0,0
Illinois,Unknown,45-54 years,0,0
Illinois,Unknown,50-64 years,0,0
Illinois,Unknown,55-64 years,0,0
Illinois,Unknown,65-74 years,0,0
Illinois,Unknown,75-84 years,0,0
Illinois,Unknown,85 years and over,0,0
Indiana,All Sexes,All Ages,4116,1768
Indiana,Male,All Ages,2086,996
Indiana,Male,Under 1 year,0,0
Indiana,Male,0-17 years,0,0
Indiana,Male,1-4 years,0,0
Indiana,Male,5-14 years,0,0
Indiana,Male,15-24 years,0,0
Indiana,Male,18-29 years,0,0
Indiana,Male,25-34 years,11,0
Indiana,Male,30-49 years,64,32
Indiana,Male,35-44 years,24,14
Indiana,Male,45-54 years,74,34
Indiana,Male,50-64 years,286,148
Indiana,Male,55-64 years,244,128
Indiana,Male,65-74 years,532,268
Indiana,Male,75-84 years,614,293
Indiana,Male,85 years and over,584,253
Indiana,Female,All Ages,2030,772
Indiana,Female,Under 1 year,0,0
Indiana,Female,0-17 years,0,0
Indiana,Female,1-4 years,0,0
Indiana,Female,5-14 years,0,0
Indiana,Female,15-24 years,0,0
Indiana,Female,18-29 years,0,0
Indiana,Female,25-34 years,0,0
Indiana,Female,30-49 years,39,19
Indiana,Female,35-44 years,19,0
Indiana,Female,45-54 years,49,28
Indiana,Female,50-64 years,176,93
Indiana,Female,55-64 years,145,75
Indiana,Female,65-74 years,331,152
Indiana,Female,75-84 years,581,244
Indiana,Female,85 years and over,899,263
Indiana,Unknown,All Ages,0,0
Indiana,Unknown,Under 1 year,0,0
Indiana,Unknown,0-17 years,0,0
Indiana,Unknown,1-4 years,0,0
Indiana,Unknown,5-14 years,0,0
Indiana,Unknown,15-24 years,0,0
Indiana,Unknown,18-29 years,0,0
Indiana,Unknown,25-34 years,0,0
Indiana,Unknown,30-49 years,0,0
Indiana,Unknown,35-44 years,0,0
Indiana,Unknown,45-54 years,0,0
Indiana,Unknown,50-64 years,0,0
Indiana,Unknown,55-64 years,0,0
Indiana,Unknown,65-74 years,0,0
Indiana,Unknown,75-84 years,0,0
Indiana,Unknown,85 years and over,0,0
Iowa,All Sexes,All Ages,1638,492
Iowa,Male,All Ages,843,270
Iowa,Male,Under 1 year,0,0
Iowa,Male,0-17 years,0,0
Iowa,Male,1-4 years,0,0
Iowa,Male,5-14 years,0,0
Iowa,Male,15-24 years,0,0
Iowa,Male,18-29 years,0,0
Iowa,Male,25-34 years,0,0
Iowa,Male,30-49 years,30,10
Iowa,Male,35-44 years,16,0
Iowa,Male,45-54 years,42,20
Iowa,Male,50-64 years,143,57
Iowa,Male,55-64 years,112,41
Iowa,Male,65-74 years,180,63
Iowa,Male,75-84 years,222,66
Iowa,Male,85 years and over,266,74
Iowa,Female,All Ages,795,222
Iowa,Female,Under 1 year,0,0
Iowa,Female,0-17 years,0,0
Iowa,Female,1-4 years,0,0
Iowa,Female,5-14 years,0,0
Iowa,Female,15-24 years,0,0
Iowa,Female,18-29 years,0,0
Iowa,Female,25-34 years,0,0
Iowa,Female,30-49 years,14,0
Iowa,Female,35-44 years,0,0
Iowa,Female,45-54 years,18,0
Iowa,Female,50-64 years,90,38
Iowa,Female,55-64 years,77,31
Iowa,Female,65-74 years,126,42
Iowa,Female,75-84 years,191,61
Iowa,Female,85 years and over,369,73
Iowa,Unknown,All Ages,0,0
Iowa,Unknown,Under 1 year,0,0
Iowa,Unknown,0-17 years,0,0
Iowa,Unknown,1-4 years,0,0
Iowa,Unknown,5-14 years,0,0
Iowa,Unknown,15-24 years,0,0
Iowa,Unknown,18-29 years,0,0
Iowa,Unknown,25-34 years,0,0
Iowa,Unknown,30-49 years,0,0
Iowa,Unknown,35-44 years,0,0
Iowa,Unknown,45-54 years,0,0
Iowa,Unknown,50-64 years,0,0
Iowa,Unknown,55-64 years,0,0
Iowa,Unknown,65-74 years,0,0
Iowa,Unknown,75-84 years,0,0
Iowa,Unknown,85 years and over,0,0
Kansas,All Sexes,All Ages,962,388
Kansas,Male,All Ages,548,226
Kansas,Male,Under 1 year,0,0
Kansas,Male,0-17 years,0,0
Kansas,Male,1-4 years,0,0
Kansas,Male,5-14 years,0,0
Kansas,Male,15-24 years,0,0
Kansas,Male,18-29 years,0,0
Kansas,Male,25-34 years,0,0
Kansas,Male,30-49 years,27,0
Kansas,Male,35-44 years,0,0
Kansas,Male,45-54 years,30,10
Kansas,Male,50-64 years,89,41
Kansas,Male,55-64 years,74,36
Kansas,Male,65-74 years,122,54
Kansas,Male,75-84 years,162,65
Kansas,Male,85 years and over,144,56
Kansas,Female,All Ages,414,162
Kansas,Female,Under 1 year,0,0
Kansas,Female,0-17 years,0,0
Kansas,Female,1-4 years,0,0
Kansas,Female,5-14 years,0,0
Kansas,Female,15-24 years,0,0
Kansas,Female,18-29 years,0,0
Kansas,Female,25-34 years,0,0
Kansas,Female,30-49 years,11,0
Kansas,Female,35-44 years,0,0
Kansas,Female,45-54 years,11,0
Kansas,Female,50-64 years,46,22
Kansas,Female,55-64 years,39,19
Kansas,Female,65-74 years,66,29
Kansas,Female,75-84 years,108,48
Kansas,Female,85 years and over,178,60
Kansas,Unknown,All Ages,0,0
Kansas,Unknown,Under 1 year,0,0
Kansas,Unknown,0-17 years,0,0
Kansas,Unknown,1-4 years,0,0
Kansas,Unknown,5-14 years,0,0
Kansas,Unknown,15-24 years,0,0
Kansas,Unknown,18-29 years,0,0
Kansas,Unknown,25-34 years,0,0
Kansas,Unknown,30-49 years,0,0
Kansas,Unknown,35-44 years,0,0
Kansas,Unknown,45-54 years,0,0
Kansas,Unknown,50-64 years,0,0
Kansas,Unknown,55-64 years,0,0
Kansas,Unknown,65-74 years,0,0
Kansas,Unknown,75-84 years,0,0
Kansas,Unknown,85 years and over,0,0
Kentucky,All Sexes,All Ages,1492,691
Kentucky,Male,All Ages,708,362
Kentucky,Male,Under 1 year,0,0
Kentucky,Male,0-17 years,0,0
Kentucky,Male,1-4 years,0,0
Kentucky,Male,5-14 years,0,0
Kentucky,Male,15-24 years,0,0
Kentucky,Male,18-29 years,0,0
Kentucky,Male,25-34 years,0,0
Kentucky,Male,30-49 years,31,15
Kentucky,Male,35-44 years,19,12
Kentucky,Male,45-54 years,29,13
Kentucky,Male,50-64 years,111,54
Kentucky,Male,55-64 years,90,43
Kentucky,Male,65-74 years,206,109
Kentucky,Male,75-84 years,189,102
Kentucky,Male,85 years and over,170,82
Kentucky,Female,All Ages,784,329
Kentucky,Female,Under 1 year,0,0
Kentucky,Female,0-17 years,0,0
Kentucky,Female,1-4 years,0,0
Kentucky,Female,5-14 years,0,0
Kentucky,Female,15-24 years,0,0
Kentucky,Female,18-29 years,0,0
Kentucky,Female,25-34 years,0,0
Kentucky,Female,30-49 years,13,0
Kentucky,Female,35-44 years,0,0
Kentucky,Female,45-54 years,19,0
Kentucky,Female,50-64 years,82,41
Kentucky,Female,55-64 years,70,36
Kentucky,Female,65-74 years,140,65
Kentucky,Female,75-84 years,216,100
Kentucky,Female,85 years and over,332,115
Kentucky,Unknown,All Ages,0,0
Kentucky,Unknown,Under 1 year,0,0
Kentucky,Unknown,0-17 years,0,0
Kentucky,Unknown,1-4 years,0,0
Kentucky,Unknown,5-14 years,0,0
Kentucky,Unknown,15-24 years,0,0
Kentucky,Unknown,18-29 years,0,0
Kentucky,Unknown,25-34 years,0,0
Kentucky,Unknown,30-49 years,0,0
Kentucky,Unknown,35-44 years,0,0
Kentucky,Unknown,45-54 years,0,0
Kentucky,Unknown,50-64 years,0,0
Kentucky,Unknown,55-64 years,0,0
Kentucky,Unknown,65-74 years,0,0
Kentucky,Unknown,75-84 years,0,0
Kentucky,Unknown,85 years and over,0,0
Louisiana,All Sexes,All Ages,5194,2537
Louisiana,Male,All Ages,2756,1392
Louisiana,Male,Under 1 year,0,0
Louisiana,Male,0-17 years,0,0
Louisiana,Male,1-4 years,0,0
Louisiana,Male,5-14 years,0,0
Louisiana,Male,15-24 years,10,0
Louisiana,Male,18-29 years,15,0
Louisiana,Male,25-34 years,21,11
Louisiana,Male,30-49 years,143,63
Louisiana,Male,35-44 years,61,33
Louisiana,Male,45-54 years,160,66
Louisiana,Male,50-64 years,503,256
Louisiana,Male,55-64 years,411,212
Louisiana,Male,65-74 years,726,380
Louisiana,Male,75-84 years,811,399
Louisiana,Male,85 years and over,554,288
Louisiana,Female,All Ages,2438,1145
Louisiana,Female,Under 1 year,0,0
Louisiana,Female,0-17 years,0,0
Louisiana,Female,1-4 years,0,0
Louisiana,Female,5-14 years,0,0
Louisiana,Female,15-24 years,0,0
Louisiana,Female,18-29 years,10,0
Louisiana,Female,25-34 years,17,10
Louisiana,Female,30-49 years,105,46
Louisiana,Female,35-44 years,56,25
Louisiana,Female,45-54 years,108,46
Louisiana,Female,50-64 years,383,188
Louisiana,Female,55-64 years,314,159
Louisiana,Female,65-74 years,471,228
Louisiana,Female,75-84 years,716,337
Louisiana,Female,85 years and over,751,337
Louisiana,Unknown,All Ages,0,0
Louisiana,Unknown,Under 1 year,0,0
Louisiana,Unknown,0-17 years,0,0
Louisiana,Unknown,1-4 years,0,0
Louisiana,Unknown,5-14 years,0,0
Louisiana,Unknown,15-24 years,0,0
Louisiana,Unknown,18-29 years,0,0
Louisiana,Unknown,25-34 years,0,0
Louisiana,Unknown,30-49 years,0,0
Louisiana,Unknown,35-44 years,0,0
Louisiana,Unknown,45-54 years,0,0
Louisiana,Unknown,50-64 years,0,0
Louisiana,Unknown,55-64 years,0,0
Louisiana,Unknown,65-74 years,0,0
Louisiana,Unknown,75-84 years,0,0
Louisiana,Unknown,85 years and over,0,0
Maine,All Sexes,All Ages,168,39
Maine,Male,All Ages,80,21
Maine,Male,Under 1 year,0,0
Maine,Male,0-17 years,0,0
Maine,Male,1-4 years,0,0
Maine,Male,5-14 years,0,0
Maine,Male,15-24 years,0,0
Maine,Male,18-29 years,0,0
Maine,Male,25-34 years,0,0
Maine,Male,30-49 years,0,0
Maine,Male,35-44 years,0,0
Maine,Male,45-54 years,0,0
Maine,Male,50-64 years,0,0
Maine,Male,55-64 years,0,0
Maine,Male,65-74 years,21,0
Maine,Male,75-84 years,23,0
Maine,Male,85 years and over,23,0
Maine,Female,All Ages,88,18
Maine,Female,Under 1 year,0,0
Maine,Female,0-17 years,0,0
Maine,Female,1-4 years,0,0
Maine,Female,5-14 years,0,0
Maine,Female,15-24 years,0,0
Maine,Female,18-29 years,0,0
Maine,Female,25-34 years,0,0
Maine,Female,30-49 years,0,0
Maine,Female,35-44 years,0,0
Maine,Female,45-54 years,0,0
Maine,Female,50-64 years,0,0
Maine,Female,55-64 years,0,0
Maine,Female,65-74 years,10,0
Maine,Female,75-84 years,27,0
Maine,Female,85 years and over,45,11
Maine,Unknown,All Ages,0,0
Maine,Unknown,Under 1 year,0,0
Maine,Unknown,0-17 years,0,0
Maine,Unknown,1-4 years,0,0
Maine,Unknown,5-14 years,0,0
Maine,Unknown,15-24 years,0,0
Maine,Unknown,18-29 years,0,0
Maine,Unknown,25-34 years,0,0
Maine,Unknown,30-49 years,0,0
Maine,Unknown,35-44 years,0,0
Maine,Unknown,45-54 years,0,0
Maine,Unknown,50-64 years,0,0
Maine,Unknown,55-64 years,0,0
Maine,Unknown,65-74 years,0,0
Maine,Unknown,75-84 years,0,0
Maine,Unknown,85 years and over,0,0
Maryland,All Sexes,All Ages,4427,1636
Maryland,Male,All Ages,2264,877
Maryland,Male,Under 1 year,0,0
Maryland,Male,0-17 years,0,0
Maryland,Male,1-4 years,0,0
Maryland,Male,5-14 years,0,0
Maryland,Male,15-24 years,0,0
Maryland,Male,18-29 years,20,0
Maryland,Male,25-34 years,32,12
Maryland,Male,30-49 years,144,49
Maryland,Male,35-44 years,70,25
Maryland,Male,45-54 years,141,56
Maryland,Male,50-64 years,437,170
Maryland,Male,55-64 years,352,132
Maryland,Male,65-74 years,502,207
Maryland,Male,75-84 years,633,257
Maryland,Male,85 years and over,528,185
Maryland,Female,All Ages,2163,759
Maryland,Female,Under 1 year,0,0
Maryland,Female,0-17 years,0,0
Maryland,Female,1-4 years,0,0
Maryland,Female,5-14 years,0,0
Maryland,Female,15-24 years,0,0
Maryland,Female,18-29 years,0,0
Maryland,Female,25-34 years,0,0
Maryland,Female,30-49 years,55,17
Maryland,Female,35-44 years,26,0
Maryland,Female,45-54 years,82,29
Maryland,Female,50-64 years,256,97
Maryland,Female,55-64 years,198,78
Maryland,Female,65-74 years,380,166
Maryland,Female,75-84 years,578,214
Maryland,Female,85 years and over,886,263
Maryland,Unknown,All Ages,0,0
Maryland,Unknown,Under 1 year,0,0
Maryland,Unknown,0-17 years,0,0
Maryland,Unknown,1-4 years,0,0
Maryland,Unknown,5-14 years,0,0
Maryland,Unknown,15-24 years,0,0
Maryland,Unknown,18-29 years,0,0
Maryland,Unknown,25-34 years,0,0
Maryland,Unknown,30-49 years,0,0
Maryland,Unknown,35-44 years,0,0
Maryland,Unknown,45-54 years,0,0
Maryland,Unknown,50-64 years,0,0
Maryland,Unknown,55-64 years,0,0
Maryland,Unknown,65-74 years,0,0
Maryland,Unknown,75-84 years,0,0
Maryland,Unknown,85 years and over,0,0
Massachusetts,All Sexes,All Ages,8189,2920
Massachusetts,Male,All Ages,3830,1502
Massachusetts,Male,Under 1 year,0,0
Massachusetts,Male,0-17 years,0,0
Massachusetts,Male,1-4 years,0,0
Massachusetts,Male,5-14 years,0,0
Massachusetts,Male,15-24 years,0,0
Massachusetts,Male,18-29 years,0,0
Massachusetts,Male,25-34 years,12,0
Massachusetts,Male,30-49 years,82,28
Massachusetts,Male,35-44 years,35,0
Massachusetts,Male,45-54 years,101,38
Massachusetts,Male,50-64 years,423,186
Massachusetts,Male,55-64 years,359,163
Massachusetts,Male,65-74 years,749,297
Massachusetts,Male,75-84 years,1162,462
Massachusetts,Male,85 years and over,1407,528
Massachusetts,Female,All Ages,4359,1418
Massachusetts,Female,Under 1 year,0,0
Massachusetts,Female,0-17 years,0,0
Massachusetts,Female,1-4 years,0,0
Massachusetts,Female,5-14 years,0,0
Massachusetts,Female,15-24 years,0,0
Massachusetts,Female,18-29 years,0,0
Massachusetts,Female,25-34 years,0,0
Massachusetts,Female,30-49 years,38,15
Massachusetts,Female,35-44 years,15,0
Massachusetts,Female,45-54 years,66,19
Massachusetts,Female,50-64 years,254,108
Massachusetts,Female,55-64 years,207,97
Massachusetts,Female,65-74 years,508,211
Massachusetts,Female,75-84 years,1080,393
Massachusetts,Female,85 years and over,2474,689
Massachusetts,Unknown,All Ages,0,0
Massachusetts,Unknown,Under 1 year,0,0
Massachusetts,Unknown,0-17 years,0,0
Massachusetts,Unknown,1-4 years,0,0
Massachusetts,Unknown,5-14 years,0,0
Massachusetts,Unknown,15-24 years,0,0
Massachusetts,Unknown,18-29 years,0,0
Massachusetts,Unknown,25-34 years,0,0
Massachusetts,Unknown,30-49 years,0,0
Massachusetts,Unknown,35-44 years,0,0
Massachusetts,Unknown,45-54 years,0,0
Massachusetts,Unknown,50-64 years,0,0
Massachusetts,Unknown,55-64 years,0,0
Massachusetts,Unknown,65-74 years,0,0
Massachusetts,Unknown,75-84 years,0,0
Massachusetts,Unknown,85 years and over,0,0
Michigan,All Sexes,All Ages,6581,3190
Michigan,Male,All Ages,3452,1747
Michigan,Male,Under 1 year,0,0
Michigan,Male,0-17 years,0,0
Michigan,Male,1-4 years,0,0
Michigan,Male,5-14 years,0,0
Michigan,Male,15-24 years,0,0
Michigan,Male,18-29 years,13,0
Michigan,Male,25-34 years,29,0
Michigan,Male,30-49 years,179,88
Michigan,Male,35-44 years,65,31
Michigan,Male,45-54 years,233,123
Michigan,Male,50-64 years,625,315
Michigan,Male,55-64 years,487,244
Michigan,Male,65-74 years,914,472
Michigan,Male,75-84 years,966,499
Michigan,Male,85 years and over,755,367
Michigan,Female,All Ages,3128,1442
Michigan,Female,Under 1 year,0,0
Michigan,Female,0-17 years,0,0
Michigan,Female,1-4 years,0,0
Michigan,Female,5-14 years,0,0
Michigan,Female,15-24 years,0,0
Michigan,Female,18-29 years,11,0
Michigan,Female,25-34 years,13,0
Michigan,Female,30-49 years,99,42
Michigan,Female,35-44 years,38,17
Michigan,Female,45-54 years,125,64
Michigan,Female,50-64 years,366,197
Michigan,Female,55-64 years,296,158
Michigan,Female,65-74 years,647,336
Michigan,Female,75-84 years,800,384
Michigan,Female,85 years and over,1204,476
Michigan,Unknown,All Ages,0,0
Michigan,Unknown,Under 1 year,0,0
Michigan,Unknown,0-17 years,0,0
Michigan,Unknown,1-4 years,0,0
Michigan,Unknown,5-14 years,0,0
Michigan,Unknown,15-24 years,0,0
Michigan,Unknown,18-29 years,0,0
Michigan,Unknown,25-34 years,0,0
Michigan,Unknown,30-49 years,0,0
Michigan,Unknown,35-44 years,0,0
Michigan,Unknown,45-54 years,0,0
Michigan,Unknown,50-64 years,0,0
Michigan,Unknown,55-64 years,0,0
Michigan,Unknown,65-74 years,0,0
Michigan,Unknown,75-84 years,0,0
Michigan,Unknown,85 years and over,0,0
Minnesota,All Sexes,All Ages,2289,665
Minnesota,Male,All Ages,1145,358
Minnesota,Male,Under 1 year,0,0
Minnesota,Male,0-17 years,0,0
Minnesota,Male,1-4 years,0,0
Minnesota,Male,5-14 years,0,0
Minnesota,Male,15-24 years,0,0
Minnesota,Male,18-29 years,0,0
Minnesota,Male,25-34 years,0,0
Minnesota,Male,30-49 years,30,11
Minnesota,Male,35-44 years,13,0
Minnesota,Male,45-54 years,48,21
Minnesota,Male,50-64 years,161,63
Minnesota,Male,55-64 years,127,49
Minnesota,Male,65-74 years,212,80
Minnesota,Male,75-84 years,334,97
Minnesota,Male,85 years and over,405,106
Minnesota,Female,All Ages,1144,307
Minnesota,Female,Under 1 year,0,0
Minnesota,Female,0-17 years,0,0
Minnesota,Female,1-4 years,0,0
Minnesota,Female,5-14 years,0,0
Minnesota,Female,15-24 years,0,0
Minnesota,Female,18-29 years,0,0
Minnesota,Female,25-34 years,0,0
Minnesota,Female,30-49 years,16,0
Minnesota,Female,35-44 years,0,0
Minnesota,Female,45-54 years,20,0
Minnesota,Female,50-64 years,72,27
Minnesota,Female,55-64 years,58,25
Minnesota,Female,65-74 years,166,62
Minnesota,Female,75-84 years,274,77
Minnesota,Female,85 years and over,613,136
Minnesota,Unknown,All Ages,0,0
Minnesota,Unknown,Under 1 year,0,0
Minnesota,Unknown,0-17 years,0,0
Minnesota,Unknown,1-4 years,0,0
Minnesota,Unknown,5-14 years,0,0
Minnesota,Unknown,15-24 years,0,0
Minnesota,Unknown,18-29 years,0,0
Minnesota,Unknown,25-34 years,0,0
Minnesota,Unknown,30-49 years,0,0
Minnesota,Unknown,35-44 years,0,0
Minnesota,Unknown,45-54 years,0,0
Minnesota,Unknown,50-64 years,0,0
Minnesota,Unknown,55-64 years,0,0
Minnesota,Unknown,65-74 years,0,0
Minnesota,Unknown,75-84 years,0,0
Minnesota,Unknown,85 years and over,0,0
Mississippi,All Sexes,All Ages,3124,1616
Mississippi,Male,All Ages,1557,836
Mississippi,Male,Under 1 year,0,0
Mississippi,Male,0-17 years,0,0
Mississippi,Male,1-4 years,0,0
Mississippi,Male,5-14 years,0,0
Mississippi,Male,15-24 years,0,0
Mississippi,Male,18-29 years,10,0
Mississippi,Male,25-34 years,16,0
Mississippi,Male,30-49 years,88,43
Mississippi,Male,35-44 years,38,22
Mississippi,Male,45-54 years,97,50
Mississippi,Male,50-64 years,297,167
Mississippi,Male,55-64 years,238,134
Mississippi,Male,65-74 years,446,246
Mississippi,Male,75-84 years,430,232
Mississippi,Male,85 years and over,286,141
Mississippi,Female,All Ages,1566,779
Mississippi,Female,Under 1 year,0,0
Mississippi,Female,0-17 years,0,0
Mississippi,Female,1-4 years,0,0
Mississippi,Female,5-14 years,0,0
Mississippi,Female,15-24 years,0,0
Mississippi,Female,18-29 years,12,0
Mississippi,Female,25-34 years,14,0
Mississippi,Female,30-49 years,91,43
Mississippi,Female,35-44 years,39,18
Mississippi,Female,45-54 years,101,47
Mississippi,Female,50-64 years,281,157
Mississippi,Female,55-64 years,225,131
Mississippi,Female,65-74 years,319,168
Mississippi,Female,75-84 years,395,202
Mississippi,Female,85 years and over,468,201
Mississippi,Unknown,All Ages,0,0
Mississippi,Unknown,Under 1 year,0,0
Mississippi,Unknown,0-17 years,0,0
Mississippi,Unknown,1-4 years,0,0
Mississippi,Unknown,5-14 years,0,0
Mississippi,Unknown,15-24 years,0,0
Mississippi,Unknown,18-29 years,0,0
Mississippi,Unknown,25-34 years,0,0
Mississippi,Unknown,30-49 years,0,0
Mississippi,Unknown,35-44 years,0,0
Mississippi,Unknown,45-54 years,0,0
Mississippi,Unknown,50-64 years,0,0
Mississippi,Unknown,55-64 years,0,0
Mississippi,Unknown,65-74 years,0,0
Mississippi,Unknown,75-84 years,0,0
Mississippi,Unknown,85 years and over,0,0
Missouri,All Sexes,All Ages,2814,1051
Missouri,Male,All Ages,1427,585
Missouri,Male,Under 1 year,0,0
Missouri,Male,0-17 years,0,0
Missouri,Male,1-4 years,0,0
Missouri,Male,5-14 years,0,0
Missouri,Male,15-24 years,0,0
Missouri,Male,18-29 years,0,0
Missouri,Male,25-34 years,0,0
Missouri,Male,30-49 years,38,14
Missouri,Male,35-44 years,18,0
Missouri,Male,45-54 years,58,25
Missouri,Male,50-64 years,200,81
Missouri,Male,55-64 years,161,64
Missouri,Male,65-74 years,335,139
Missouri,Male,75-84 years,445,201
Missouri,Male,85 years and over,404,149
Missouri,Female,All Ages,1387,466
Missouri,Female,Under 1 year,0,0
Missouri,Female,0-17 years,0,0
Missouri,Female,1-4 years,0,0
Missouri,Female,5-14 years,0,0
Missouri,Female,15-24 years,0,0
Missouri,Female,18-29 years,0,0
Missouri,Female,25-34 years,0,0
Missouri,Female,30-49 years,28,11
Missouri,Female,35-44 years,12,0
Missouri,Female,45-54 years,27,12
Missouri,Female,50-64 years,130,47
Missouri,Female,55-64 years,114,38
Missouri,Female,65-74 years,254,92
Missouri,Female,75-84 years,347,132
Missouri,Female,85 years and over,624,183
Missouri,Unknown,All Ages,0,0
Missouri,Unknown,Under 1 year,0,0
Missouri,Unknown,0-17 years,0,0
Missouri,Unknown,1-4 years,0,0
Missouri,Unknown,5-14 years,0,0
Missouri,Unknown,15-24 years,0,0
Missouri,Unknown,18-29 years,0,0
Missouri,Unknown,25-34 years,0,0
Missouri,Unknown,30-49 years,0,0
Missouri,Unknown,35-44 years,0,0
Missouri,Unknown,45-54 years,0,0
Missouri,Unknown,50-64 years,0,0
Missouri,Unknown,55-64 years,0,0
Missouri,Unknown,65-74 years,0,0
Missouri,Unknown,75-84 years,0,0
Missouri,Unknown,85 years and over,0,0
Montana,All Sexes,All Ages,252,104
Montana,Male,All Ages,145,58
Montana,Male,Under 1 year,0,0
Montana,Male,0-17 years,0,0
Montana,Male,1-4 years,0,0
Montana,Male,5-14 years,0,0
Montana,Male,15-24 years,0,0
Montana,Male,18-29 years,0,0
Montana,Male,25-34 years,0,0
Montana,Male,30-49 years,0,0
Montana,Male,35-44 years,0,0
Montana,Male,45-54 years,10,0
Montana,Male,50-64 years,22,10
Montana,Male,55-64 years,16,0
Montana,Male,65-74 years,39,16
Montana,Male,75-84 years,44,16
Montana,Male,85 years and over,33,12
Montana,Female,All Ages,107,46
Montana,Female,Under 1 year,0,0
Montana,Female,0-17 years,0,0
Montana,Female,1-4 years,0,0
Montana,Female,5-14 years,0,0
Montana,Female,15-24 years,0,0
Montana,Female,18-29 years,0,0
Montana,Female,25-34 years,0,0
Montana,Female,30-49 years,0,0
Montana,Female,35-44 years,0,0
Montana,Female,45-54 years,0,0
Montana,Female,50-64 years,17,0
Montana,Female,55-64 years,14,0
Montana,Female,65-74 years,19,12
Montana,Female,75-84 years,27,10
Montana,Female,85 years and over,38,12
Montana,Unknown,All Ages,0,0
Montana,Unknown,Under 1 year,0,0
Montana,Unknown,0-17 years,0,0
Montana,Unknown,1-4 years,0,0
Montana,Unknown,5-14 years,0,0
Montana,Unknown,15-24 years,0,0
Montana,Unknown,18-29 years,0,0
Montana,Unknown,25-34 years,0,0
Montana,Unknown,30-49 years,0,0
Montana,Unknown,35-44 years,0,0
Montana,Unknown,45-54 years,0,0
Montana,Unknown,50-64 years,0,0
Montana,Unknown,55-64 years,0,0
Montana,Unknown,65-74 years,0,0
Montana,Unknown,75-84 years,0,0
Montana,Unknown,85 years and over,0,0
Nebraska,All Sexes,All Ages,636,257
Nebraska,Male,All Ages,361,155
Nebraska,Male,Under 1 year,0,0
Nebraska,Male,0-17 years,0,0
Nebraska,Male,1-4 years,0,0
Nebraska,Male,5-14 years,0,0
Nebraska,Male,15-24 years,0,0
Nebraska,Male,18-29 years,0,0
Nebraska,Male,25-34 years,0,0
Nebraska,Male,30-49 years,16,0
Nebraska,Male,35-44 years,0,0
Nebraska,Male,45-54 years,21,0
Nebraska,Male,50-64 years,62,25
Nebraska,Male,55-64 years,47,19
Nebraska,Male,65-74 years,97,36
Nebraska,Male,75-84 years,103,51
Nebraska,Male,85 years and over,77,37
Nebraska,Female,All Ages,275,102
Nebraska,Female,Under 1 year,0,0
Nebraska,Female,0-17 years,0,0
Nebraska,Female,1-4 years,0,0
Nebraska,Female,5-14 years,0,0
Nebraska,Female,15-24 years,0,0
Nebraska,Female,18-29 years,0,0
Nebraska,Female,25-34 years,0,0
Nebraska,Female,30-49 years,0,0
Nebraska,Female,35-44 years,0,0
Nebraska,Female,45-54 years,0,0
Nebraska,Female,50-64 years,38,18
Nebraska,Female,55-64 years,31,14
Nebraska,Female,65-74 years,40,17
Nebraska,Female,75-84 years,70,33
Nebraska,Female,85 years and over,120,31
Nebraska,Unknown,All Ages,0,0
Nebraska,Unknown,Under 1 year,0,0
Nebraska,Unknown,0-17 years,0,0
Nebraska,Unknown,1-4 years,0,0
Nebraska,Unknown,5-14 years,0,0
Nebraska,Unknown,15-24 years,0,0
Nebraska,Unknown,18-29 years,0,0
Nebraska,Unknown,25-34 years,0,0
Nebraska,Unknown,30-49 years,0,0
Nebraska,Unknown,35-44 years,0,0
Nebraska,Unknown,45-54 years,0,0
Nebraska,Unknown,50-64 years,0,0
Nebraska,Unknown,55-64 years,0,0
Nebraska,Unknown,65-74 years,0,0
Nebraska,Unknown,75-84 years,0,0
Nebraska,Unknown,85 years and over,0,0
Nevada,All Sexes,All Ages,1625,1224
Nevada,Male,All Ages,1016,776
Nevada,Male,Under 1 year,0,0
Nevada,Male,0-17 years,0,0
Nevada,Male,1-4 years,0,0
Nevada,Male,5-14 years,0,0
Nevada,Male,15-24 years,0,0
Nevada,Male,18-29 years,0,0
Nevada,Male,25-34 years,0,0
Nevada,Male,30-49 years,80,60
Nevada,Male,35-44 years,37,27
Nevada,Male,45-54 years,110,91
Nevada,Male,50-64 years,223,181
Nevada,Male,55-64 years,153,121
Nevada,Male,65-74 years,265,202
Nevada,Male,75-84 years,290,216
Nevada,Male,85 years and over,153,115
Nevada,Female,All Ages,609,448
Nevada,Female,Under 1 year,0,0
Nevada,Female,0-17 years,0,0
Nevada,Female,1-4 years,0,0
Nevada,Female,5-14 years,0,0
Nevada,Female,15-24 years,0,0
Nevada,Female,18-29 years,0,0
Nevada,Female,25-34 years,0,0
Nevada,Female,30-49 years,25,16
Nevada,Female,35-44 years,13,0
Nevada,Female,45-54 years,30,21
Nevada,Female,50-64 years,100,75
Nevada,Female,55-64 years,81,61
Nevada,Female,65-74 years,161,126
Nevada,Female,75-84 years,178,131
Nevada,Female,85 years and over,140,97
Nevada,Unknown,All Ages,0,0
Nevada,Unknown,Under 1 year,0,0
Nevada,Unknown,0-17 years,0,0
Nevada,Unknown,1-4 years,0,0
Nevada,Unknown,5-14 years,0,0
Nevada,Unknown,15-24 years,0,0
Nevada,Unknown,18-29 years,0,0
Nevada,Unknown,25-34 years,0,0
Nevada,Unknown,30-49 years,0,0
Nevada,Unknown,35-44 years,0,0
Nevada,Unknown,45-54 years,0,0
Nevada,Unknown,50-64 years,0,0
Nevada,Unknown,55-64 years,0,0
Nevada,Unknown,65-74 years,0,0
Nevada,Unknown,75-84 years,0,0
Nevada,Unknown,85 years and over,0,0
New Hampshire,All Sexes,All Ages,452,122
New Hampshire,Male,All Ages,221,76
New Hampshire,Male,Under 1 year,0,0
New Hampshire,Male,0-17 years,0,0
New Hampshire,Male,1-4 years,0,0
New Hampshire,Male,5-14 years,0,0
New Hampshire,Male,15-24 years,0,0
New Hampshire,Male,18-29 years,0,0
New Hampshire,Male,25-34 years,0,0
New Hampshire,Male,30-49 years,0,0
New Hampshire,Male,35-44 years,0,0
New Hampshire,Male,45-54 years,10,0
New Hampshire,Male,50-64 years,20,0
New Hampshire,Male,55-64 years,14,0
New Hampshire,Male,65-74 years,37,17
New Hampshire,Male,75-84 years,71,27
New Hampshire,Male,85 years and over,87,24
New Hampshire,Female,All Ages,231,46
New Hampshire,Female,Under 1 year,0,0
New Hampshire,Female,0-17 years,0,0
New Hampshire,Female,1-4 years,0,0
New Hampshire,Female,5-14 years,0,0
New Hampshire,Female,15-24 years,0,0
New Hampshire,Female,18-29 years,0,0
New Hampshire,Female,25-34 years,0,0
New Hampshire,Female,30-49 years,0,0
New Hampshire,Female,35-44 years,0,0
New Hampshire,Female,45-54 years,0,0
New Hampshire,Female,50-64 years,0,0
New Hampshire,Female,55-64 years,0,0
New Hampshire,Female,65-74 years,29,10
New Hampshire,Female,75-84 years,59,13
New Hampshire,Female,85 years and over,138,22
New Hampshire,Unknown,All Ages,0,0
New Hampshire,Unknown,Under 1 year,0,0
New Hampshire,Unknown,0-17 years,0,0
New Hampshire,Unknown,1-4 years,0,0
New Hampshire,Unknown,5-14 years,0,0
New Hampshire,Unknown,15-24 years,0,0
New Hampshire,Unknown,18-29 years,0,0
New Hampshire,Unknown,25-34 years,0,0
New Hampshire,Unknown,30-49 years,0,0
New Hampshire,Unknown,35-44 years,0,0
New Hampshire,Unknown,45-54 years,0,0
New Hampshire,Unknown,50-64 years,0,0
New Hampshire,Unknown,55-64 years,0,0
New Hampshire,Unknown,65-74 years,0,0
New Hampshire,Unknown,75-84 years,0,0
New Hampshire,Unknown,85 years and over,0,0
New Jersey,All Sexes,All Ages,14511,6986
New Jersey,Male,All Ages,7746,3879
New Jersey,Male,Under 1 year,0,0
New Jersey,Male,0-17 years,0,0
New Jersey,Male,1-4 years,0,0
New Jersey,Male,5-14 years,0,0
New Jersey,Male,15-24 years,13,0
New Jersey,Male,18-29 years,40,12
New Jersey,Male,25-34 years,77,36
New Jersey,Male,30-49 years,483,223
New Jersey,Male,35-44 years,204,93
New Jersey,Male,45-54 years,579,273
New Jersey,Male,50-64 years,1634,828
New Jersey,Male,55-64 years,1284,660
New Jersey,Male,65-74 years,1777,904
New Jersey,Male,75-84 years,1991,1026
New Jersey,Male,85 years and over,1821,886
New Jersey,Female,All Ages,6764,3106
New Jersey,Female,Under 1 year,0,0
New Jersey,Female,0-17 years,0,0
New Jersey,Female,1-4 years,0,0
New Jersey,Female,5-14 years,0,0
New Jersey,Female,15-24 years,0,0
New Jersey,Female,18-29 years,17,0
New Jersey,Female,25-34 years,36,15
New Jersey,Female,30-49 years,154,69
New Jersey,Female,35-44 years,69,33
New Jersey,Female,45-54 years,191,89
New Jersey,Female,50-64 years,713,350
New Jersey,Female,55-64 years,585,289
New Jersey,Female,65-74 years,1039,512
New Jersey,Female,75-84 years,1774,873
New Jersey,Female,85 years and over,3066,1294
New Jersey,Unknown,All Ages,0,0
New Jersey,Unknown,Under 1 year,0,0
New Jersey,Unknown,0-17 years,0,0
New Jersey,Unknown,1-4 years,0,0
New Jersey,Unknown,5-14 years,0,0
New Jersey,Unknown,15-24 years,0,0
New Jersey,Unknown,18-29 years,0,0
New Jersey,Unknown,25-34 years,0,0
New Jersey,Unknown,30-49 years,0,0
New Jersey,Unknown,35-44 years,0,0
New Jersey,Unknown,45-54 years,0,0
New Jersey,Unknown,50-64 years,0,0
New Jersey,Unknown,55-64 years,0,0
New Jersey,Unknown,65-74 years,0,0
New Jersey,Unknown,75-84 years,0,0
New Jersey,Unknown,85 years and over,0,0
New Mexico,All Sexes,All Ages,854,387
New Mexico,Male,All Ages,453,211
New Mexico,Male,Under 1 year,0,0
New Mexico,Male,0-17 years,0,0
New Mexico,Male,1-4 years,0,0
New Mexico,Male,5-14 years,0,0
New Mexico,Male,15-24 years,0,0
New Mexico,Male,18-29 years,0,0
New Mexico,Male,25-34 years,22,13
New Mexico,Male,30-49 years,53,31
New Mexico,Male,35-44 years,24,15
New Mexico,Male,45-54 years,38,20
New Mexico,Male,50-64 years,104,57
New Mexico,Male,55-64 years,79,43
New Mexico,Male,65-74 years,105,48
New Mexico,Male,75-84 years,84,37
New Mexico,Male,85 years and over,100,34
New Mexico,Female,All Ages,401,176
New Mexico,Female,Under 1 year,0,0
New Mexico,Female,0-17 years,0,0
New Mexico,Female,1-4 years,0,0
New Mexico,Female,5-14 years,0,0
New Mexico,Female,15-24 years,0,0
New Mexico,Female,18-29 years,0,0
New Mexico,Female,25-34 years,0,0
New Mexico,Female,30-49 years,24,12
New Mexico,Female,35-44 years,16,0
New Mexico,Female,45-54 years,23,14
New Mexico,Female,50-64 years,69,40
New Mexico,Female,55-64 years,49,27
New Mexico,Female,65-74 years,71,41
New Mexico,Female,75-84 years,113,49
New Mexico,Female,85 years and over,123,34
New Mexico,Unknown,All Ages,0,0
New Mexico,Unknown,Under 1 year,0,0
New Mexico,Unknown,0-17 years,0,0
New Mexico,Unknown,1-4 years,0,0
New Mexico,Unknown,5-14 years,0,0
New Mexico,Unknown,15-24 years,0,0
New Mexico,Unknown,18-29 years,0,0
New Mexico,Unknown,25-34 years,0,0
New Mexico,Unknown,30-49 years,0,0
New Mexico,Unknown,35-44 years,0,0
New Mexico,Unknown,45-54 years,0,0
New Mexico,Unknown,50-64 years,0,0
New Mexico,Unknown,55-64 years,0,0
New Mexico,Unknown,65-74 years,0,0
New Mexico,Unknown,75-84 years,0,0
New Mexico,Unknown,85 years and over,0,0
New York,All Sexes,All Ages,11847,5666
New York,Male,All Ages,6250,3096
New York,Male,Under 1 year,0,0
New York,Male,0-17 years,0,0
New York,Male,1-4 years,0,0
New York,Male,5-14 years,0,0
New York,Male,15-24 years,11,0
New York,Male,18-29 years,29,12
New York,Male,25-34 years,49,23
New York,Male,30-49 years,309,146
New York,Male,35-44 years,131,53
New York,Male,45-54 years,386,201
New York,Male,50-64 years,1175,587
New York,Male,55-64 years,936,462
New York,Male,65-74 years,1511,748
New York,Male,75-84 years,1652,830
New York,Male,85 years and over,1572,772
New York,Female,All Ages,5597,2570
New York,Female,Under 1 year,0,0
New York,Female,0-17 years,0,0
New York,Female,1-4 years,0,0
New York,Female,5-14 years,0,0
New York,Female,15-24 years,0,0
New York,Female,18-29 years,0,0
New York,Female,25-34 years,19,10
New York,Female,30-49 years,117,58
New York,Female,35-44 years,53,29
New York,Female,45-54 years,138,64
New York,Female,50-64 years,538,278
New York,Female,55-64 years,453,237
New York,Female,65-74 years,858,431
New York,Female,75-84 years,1386,668
New York,Female,85 years and over,2688,1131
New York,Unknown,All Ages,0,0
New York,Unknown,Under 1 year,0,0
New York,Unknown,0-17 years,0,0
New York,Unknown,1-4 years,0,0
New York,Unknown,5-14 years,0,0
New York,Unknown,15-24 years,0,0
New York,Unknown,18-29 years,0,0
New York,Unknown,25-34 years,0,0
New York,Unknown,30-49 years,0,0
New York,Unknown,35-44 years,0,0
New York,Unknown,45-54 years,0,0
New York,Unknown,50-64 years,0,0
New York,Unknown,55-64 years,0,0
New York,Unknown,65-74 years,0,0
New York,Unknown,75-84 years,0,0
New York,Unknown,85 years and over,0,0
New York City,All Sexes,All Ages,20867,8001
New York City,Male,All Ages,12368,4722
New York City,Male,Under 1 year,0,0
New York City,Male,0-17 years,0,0
New York City,Male,1-4 years,0,0
New York City,Male,5-14 years,0,0
New York City,Male,15-24 years,23,0
New York City,Male,18-29 years,63,15
New York City,Male,25-34 years,116,42
New York City,Male,30-49 years,867,294
New York City,Male,35-44 years,405,126
New York City,Male,45-54 years,1000,362
New York City,Male,50-64 years,2861,1058
New York City,Male,55-64 years,2247,830
New York City,Male,65-74 years,3294,1269
New York City,Male,75-84 years,3141,1249
New York City,Male,85 years and over,2134,836
New York City,Female,All Ages,8498,3279
New York City,Female,Under 1 year,0,0
New York City,Female,0-17 years,0,0
New York City,Female,1-4 years,0,0
New York City,Female,5-14 years,0,0
New York City,Female,15-24 years,10,0
New York City,Female,18-29 years,27,0
New York City,Female,25-34 years,57,16
New York City,Female,30-49 years,307,94
New York City,Female,35-44 years,117,36
New York City,Female,45-54 years,399,143
New York City,Female,50-64 years,1309,521
New York City,Female,55-64 years,1062,426
New York City,Female,65-74 years,1773,692
New York City,Female,75-84 years,2311,929
New York City,Female,85 years and over,2765,1032
New York City,Unknown,All Ages,0,0
New York City,Unknown,Under 1 year,0,0
New York City,Unknown,0-17 years,0,0
New York City,Unknown,1-4 years,0,0
New York City,Unknown,5-14 years,0,0
New York City,Unknown,15-24 years,0,0
New York City,Unknown,18-29 years,0,0
New York City,Unknown,25-34 years,0,0
New York City,Unknown,30-49 years,0,0
New York City,Unknown,35-44 years,0,0
New York City,Unknown,45-54 years,0,0
New York City,Unknown,50-64 years,0,0
New York City,Unknown,55-64 years,0,0
New York City,Unknown,65-74 years,0,0
New York City,Unknown,75-84 years,0,0
New York City,Unknown,85 years and over,0,0
North Carolina,All Sexes,All Ages,2731,1082
North Carolina,Male,All Ages,1423,597
North Carolina,Male,Under 1 year,0,0
North Carolina,Male,0-17 years,0,0
North Carolina,Male,1-4 years,0,0
North Carolina,Male,5-14 years,0,0
North Carolina,Male,15-24 years,0,0
North Carolina,Male,18-29 years,0,0
North Carolina,Male,25-34 years,14,0
North Carolina,Male,30-49 years,94,35
North Carolina,Male,35-44 years,44,15
North Carolina,Male,45-54 years,105,41
North Carolina,Male,50-64 years,270,118
North Carolina,Male,55-64 years,205,93
North Carolina,Male,65-74 years,347,140
North Carolina,Male,75-84 years,392,160
North Carolina,Male,85 years and over,313,142
North Carolina,Female,All Ages,1308,485
North Carolina,Female,Under 1 year,0,0
North Carolina,Female,0-17 years,0,0
North Carolina,Female,1-4 years,0,0
North Carolina,Female,5-14 years,0,0
North Carolina,Female,15-24 years,0,0
North Carolina,Female,18-29 years,0,0
North Carolina,Female,25-34 years,0,0
North Carolina,Female,30-49 years,41,16
North Carolina,Female,35-44 years,15,0
North Carolina,Female,45-54 years,56,25
North Carolina,Female,50-64 years,152,63
North Carolina,Female,55-64 years,116,45
North Carolina,Female,65-74 years,273,123
North Carolina,Female,75-84 years,337,120
North Carolina,Female,85 years and over,501,162
North Carolina,Unknown,All Ages,0,0
North Carolina,Unknown,Under 1 year,0,0
North Carolina,Unknown,0-17 years,0,0
North Carolina,Unknown,1-4 years,0,0
North Carolina,Unknown,5-14 years,0,0
North Carolina,Unknown,15-24 years,0,0
North Carolina,Unknown,18-29 years,0,0
North Carolina,Unknown,25-34 years,0,0
North Carolina,Unknown,30-49 years,0,0
North Carolina,Unknown,35-44 years,0,0
North Carolina,Unknown,45-54 years,0,0
North Carolina,Unknown,50-64 years,0,0
North Carolina,Unknown,55-64 years,0,0
North Carolina,Unknown,65-74 years,0,0
North Carolina,Unknown,75-84 years,0,0
North Carolina,Unknown,85 years and over,0,0
North Dakota,All Sexes,All Ages,375,172
North Dakota,Male,All Ages,201,102
North Dakota,Male,Under 1 year,0,0
North Dakota,Male,0-17 years,0,0
North Dakota,Male,1-4 years,0,0
North Dakota,Male,5-14 years,0,0
North Dakota,Male,15-24 years,0,0
North Dakota,Male,18-29 years,0,0
North Dakota,Male,25-34 years,0,0
North Dakota,Male,30-49 years,10,0
North Dakota,Male,35-44 years,0,0
North Dakota,Male,45-54 years,0,0
North Dakota,Male,50-64 years,31,20
North Dakota,Male,55-64 years,24,15
North Dakota,Male,65-74 years,35,17
North Dakota,Male,75-84 years,46,23
North Dakota,Male,85 years and over,79,35
North Dakota,Female,All Ages,174,70
North Dakota,Female,Under 1 year,0,0
North Dakota,Female,0-17 years,0,0
North Dakota,Female,1-4 years,0,0
North Dakota,Female,5-14 years,0,0
North Dakota,Female,15-24 years,0,0
North Dakota,Female,18-29 years,0,0
North Dakota,Female,25-34 years,0,0
North Dakota,Female,30-49 years,0,0
North Dakota,Female,35-44 years,0,0
North Dakota,Female,45-54 years,0,0
North Dakota,Female,50-64 years,12,0
North Dakota,Female,55-64 years,10,0
North Dakota,Female,65-74 years,20,12
North Dakota,Female,75-84 years,51,23
North Dakota,Female,85 years and over,87,28
North Dakota,Unknown,All Ages,0,0
North Dakota,Unknown,Under 1 year,0,0
North Dakota,Unknown,0-17 years,0,0
North Dakota,Unknown,1-4 years,0,0
North Dakota,Unknown,5-14 years,0,0
North Dakota,Unknown,15-24 years,0,0
North Dakota,Unknown,18-29 years,0,0
North Dakota,Unknown,25-34 years,0,0
North Dakota,Unknown,30-49 years,0,0
North Dakota,Unknown,35-44 years,0,0
North Dakota,Unknown,45-54 years,0,0
North Dakota,Unknown,50-64 years,0,0
North Dakota,Unknown,55-64 years,0,0
North Dakota,Unknown,65-74 years,0,0
North Dakota,Unknown,75-84 years,0,0
North Dakota,Unknown,85 years and over,0,0
Ohio,All Sexes,All Ages,4890,2096
Ohio,Male,All Ages,2524,1137
Ohio,Male,Under 1 year,0,0
Ohio,Male,0-17 years,0,0
Ohio,Male,1-4 years,0,0
Ohio,Male,5-14 years,0,0
Ohio,Male,15-24 years,0,0
Ohio,Male,18-29 years,0,0
Ohio,Male,25-34 years,10,0
Ohio,Male,30-49 years,69,31
Ohio,Male,35-44 years,34,12
Ohio,Male,45-54 years,90,47
Ohio,Male,50-64 years,365,168
Ohio,Male,55-64 years,303,137
Ohio,Male,65-74 years,628,289
Ohio,Male,75-84 years,742,354
Ohio,Male,85 years and over,716,294
Ohio,Female,All Ages,2366,959
Ohio,Female,Under 1 year,0,0
Ohio,Female,0-17 years,0,0
Ohio,Female,1-4 years,0,0
Ohio,Female,5-14 years,0,0
Ohio,Female,15-24 years,0,0
Ohio,Female,18-29 years,0,0
Ohio,Female,25-34 years,0,0
Ohio,Female,30-49 years,35,10
Ohio,Female,35-44 years,15,0
Ohio,Female,45-54 years,43,17
Ohio,Female,50-64 years,190,96
Ohio,Female,55-64 years,161,82
Ohio,Female,65-74 years,364,159
Ohio,Female,75-84 years,702,278
Ohio,Female,85 years and over,1067,413
Ohio,Unknown,All Ages,0,0
Ohio,Unknown,Under 1 year,0,0
Ohio,Unknown,0-17 years,0,0
Ohio,Unknown,1-4 years,0,0
Ohio,Unknown,5-14 years,0,0
Ohio,Unknown,15-24 years,0,0
Ohio,Unknown,18-29 years,0,0
Ohio,Unknown,25-34 years,0,0
Ohio,Unknown,30-49 years,0,0
Ohio,Unknown,35-44 years,0,0
Ohio,Unknown,45-54 years,0,0
Ohio,Unknown,50-64 years,0,0
Ohio,Unknown,55-64 years,0,0
Ohio,Unknown,65-74 years,0,0
Ohio,Unknown,75-84 years,0,0
Ohio,Unknown,85 years and over,0,0
Oklahoma,All Sexes,All Ages,1418,547
Oklahoma,Male,All Ages,778,317
Oklahoma,Male,Under 1 year,0,0
Oklahoma,Male,0-17 years,0,0
Oklahoma,Male,1-4 years,0,0
Oklahoma,Male,5-14 years,0,0
Oklahoma,Male,15-24 years,0,0
Oklahoma,Male,18-29 years,0,0
Oklahoma,Male,25-34 years,0,0
Oklahoma,Male,30-49 years,30,14
Oklahoma,Male,35-44 years,10,0
Oklahoma,Male,45-54 years,34,13
Oklahoma,Male,50-64 years,129,44
Oklahoma,Male,55-64 years,111,37
Oklahoma,Male,65-74 years,197,77
Oklahoma,Male,75-84 years,222,91
Oklahoma,Male,85 years and over,192,90
Oklahoma,Female,All Ages,640,230
Oklahoma,Female,Under 1 year,0,0
Oklahoma,Female,0-17 years,0,0
Oklahoma,Female,1-4 years,0,0
Oklahoma,Female,5-14 years,0,0
Oklahoma,Female,15-24 years,0,0
Oklahoma,Female,18-29 years,0,0
Oklahoma,Female,25-34 years,0,0
Oklahoma,Female,30-49 years,31,0
Oklahoma,Female,35-44 years,13,0
Oklahoma,Female,45-54 years,27,0
Oklahoma,Female,50-64 years,77,31
Oklahoma,Female,55-64 years,62,26
Oklahoma,Female,65-74 years,157,59
Oklahoma,Female,75-84 years,166,66
Oklahoma,Female,85 years and over,207,64
Oklahoma,Unknown,All Ages,0,0
Oklahoma,Unknown,Under 1 year,0,0
Oklahoma,Unknown,0-17 years,0,0
Oklahoma,Unknown,1-4 years,0,0
Oklahoma,Unknown,5-14 years,0,0
Oklahoma,Unknown,15-24 years,0,0
Oklahoma,Unknown,18-29 years,0,0
Oklahoma,Unknown,25-34 years,0,0
Oklahoma,Unknown,30-49 years,0,0
Oklahoma,Unknown,35-44 years,0,0
Oklahoma,Unknown,45-54 years,0,0
Oklahoma,Unknown,50-64 years,0,0
Oklahoma,Unknown,55-64 years,0,0
Oklahoma,Unknown,65-74 years,0,0
Oklahoma,Unknown,75-84 years,0,0
Oklahoma,Unknown,85 years and over,0,0
Oregon,All Sexes,All Ages,596,196
Oregon,Male,All Ages,330,119
Oregon,Male,Under 1 year,0,0
Oregon,Male,0-17 years,0,0
Oregon,Male,1-4 years,0,0
Oregon,Male,5-14 years,0,0
Oregon,Male,15-24 years,0,0
Oregon,Male,18-29 years,0,0
Oregon,Male,25-34 years,0,0
Oregon,Male,30-49 years,13,0
Oregon,Male,35-44 years,0,0
Oregon,Male,45-54 years,19,0
Oregon,Male,50-64 years,60,19
Oregon,Male,55-64 years,45,12
Oregon,Male,65-74 years,73,31
Oregon,Male,75-84 years,96,35
Oregon,Male,85 years and over,88,28
Oregon,Female,All Ages,266,77
Oregon,Female,Under 1 year,0,0
Oregon,Female,0-17 years,0,0
Oregon,Female,1-4 years,0,0
Oregon,Female,5-14 years,0,0
Oregon,Female,15-24 years,0,0
Oregon,Female,18-29 years,0,0
Oregon,Female,25-34 years,0,0
Oregon,Female,30-49 years,0,0
Oregon,Female,35-44 years,0,0
Oregon,Female,45-54 years,0,0
Oregon,Female,50-64 years,24,0
Oregon,Female,55-64 years,21,0
Oregon,Female,65-74 years,42,23
Oregon,Female,75-84 years,65,20
Oregon,Female,85 years and over,129,25
Oregon,Unknown,All Ages,0,0
Oregon,Unknown,Under 1 year,0,0
Oregon,Unknown,0-17 years,0,0
Oregon,Unknown,1-4 years,0,0
Oregon,Unknown,5-14 years,0,0
Oregon,Unknown,15-24 years,0,0
Oregon,Unknown,18-29 years,0,0
Oregon,Unknown,25-34 years,0,0
Oregon,Unknown,30-49 years,0,0
Oregon,Unknown,35-44 years,0,0
Oregon,Unknown,45-54 years,0,0
Oregon,Unknown,50-64 years,0,0
Oregon,Unknown,55-64 years,0,0
Oregon,Unknown,65-74 years,0,0
Oregon,Unknown,75-84 years,0,0
Oregon,Unknown,85 years and over,0,0
Pennsylvania,All Sexes,All Ages,8865,3172
Pennsylvania,Male,All Ages,4328,1686
Pennsylvania,Male,Under 1 year,0,0
Pennsylvania,Male,0-17 years,0,0
Pennsylvania,Male,1-4 years,0,0
Pennsylvania,Male,5-14 years,0,0
Pennsylvania,Male,15-24 years,11,0
Pennsylvania,Male,18-29 years,17,0
Pennsylvania,Male,25-34 years,22,0
Pennsylvania,Male,30-49 years,130,57
Pennsylvania,Male,35-44 years,51,22
Pennsylvania,Male,45-54 years,184,77
Pennsylvania,Male,50-64 years,622,263
Pennsylvania,Male,55-64 years,503,215
Pennsylvania,Male,65-74 years,934,378
Pennsylvania,Male,75-84 years,1252,499
Pennsylvania,Male,85 years and over,1371,484
Pennsylvania,Female,All Ages,4537,1486
Pennsylvania,Female,Under 1 year,0,0
Pennsylvania,Female,0-17 years,0,0
Pennsylvania,Female,1-4 years,0,0
Pennsylvania,Female,5-14 years,0,0
Pennsylvania,Female,15-24 years,0,0
Pennsylvania,Female,18-29 years,0,0
Pennsylvania,Female,25-34 years,0,0
Pennsylvania,Female,30-49 years,61,29
Pennsylvania,Female,35-44 years,22,12
Pennsylvania,Female,45-54 years,90,39
Pennsylvania,Female,50-64 years,333,133
Pennsylvania,Female,55-64 years,280,111
Pennsylvania,Female,65-74 years,653,264
Pennsylvania,Female,75-84 years,1058,397
Pennsylvania,Female,85 years and over,2427,661
Pennsylvania,Unknown,All Ages,0,0
Pennsylvania,Unknown,Under 1 year,0,0
Pennsylvania,Unknown,0-17 years,0,0
Pennsylvania,Unknown,1-4 years,0,0
Pennsylvania,Unknown,5-14 years,0,0
Pennsylvania,Unknown,15-24 years,0,0
Pennsylvania,Unknown,18-29 years,0,0
Pennsylvania,Unknown,25-34 years,0,0
Pennsylvania,Unknown,30-49 years,0,0
Pennsylvania,Unknown,35-44 years,0,0
Pennsylvania,Unknown,45-54 years,0,0
Pennsylvania,Unknown,50-64 years,0,0
Pennsylvania,Unknown,55-64 years,0,0
Pennsylvania,Unknown,65-74 years,0,0
Pennsylvania,Unknown,75-84 years,0,0
Pennsylvania,Unknown,85 years and over,0,0
Rhode Island,All Sexes,All Ages,1124,440
Rhode Island,Male,All Ages,514,204
Rhode Island,Male,Under 1 year,0,0
Rhode Island,Male,0-17 years,0,0
Rhode Island,Male,1-4 years,0,0
Rhode Island,Male,5-14 years,0,0
Rhode Island,Male,15-24 years,0,0
Rhode Island,Male,18-29 years,0,0
Rhode Island,Male,25-34 years,0,0
Rhode Island,Male,30-49 years,16,0
Rhode Island,Male,35-44 years,10,0
Rhode Island,Male,45-54 years,11,0
Rhode Island,Male,50-64 years,64,26
Rhode Island,Male,55-64 years,58,23
Rhode Island,Male,65-74 years,118,57
Rhode Island,Male,75-84 years,147,58
Rhode Island,Male,85 years and over,168,59
Rhode Island,Female,All Ages,610,236
Rhode Island,Female,Under 1 year,0,0
Rhode Island,Female,0-17 years,0,0
Rhode Island,Female,1-4 years,0,0
Rhode Island,Female,5-14 years,0,0
Rhode Island,Female,15-24 years,0,0
Rhode Island,Female,18-29 years,0,0
Rhode Island,Female,25-34 years,0,0
Rhode Island,Female,30-49 years,0,0
Rhode Island,Female,35-44 years,0,0
Rhode Island,Female,45-54 years,0,0
Rhode Island,Female,50-64 years,27,16
Rhode Island,Female,55-64 years,23,13
Rhode Island,Female,65-74 years,86,45
Rhode Island,Female,75-84 years,142,61
Rhode Island,Female,85 years and over,347,111
Rhode Island,Unknown,All Ages,0,0
Rhode Island,Unknown,Under 1 year,0,0
Rhode Island,Unknown,0-17 years,0,0
Rhode Island,Unknown,1-4 years,0,0
Rhode Island,Unknown,5-14 years,0,0
Rhode Island,Unknown,15-24 years,0,0
Rhode Island,Unknown,18-29 years,0,0
Rhode Island,Unknown,25-34 years,0,0
Rhode Island,Unknown,30-49 years,0,0
Rhode Island,Unknown,35-44 years,0,0
Rhode Island,Unknown,45-54 years,0,0
Rhode Island,Unknown,50-64 years,0,0
Rhode Island,Unknown,55-64 years,0,0
Rhode Island,Unknown,65-74 years,0,0
Rhode Island,Unknown,75-84 years,0,0
Rhode Island,Unknown,85 years and over,0,0
South Carolina,All Sexes,All Ages,3620,1550
South Carolina,Male,All Ages,1835,789
South Carolina,Male,Under 1 year,0,0
South Carolina,Male,0-17 years,0,0
South Carolina,Male,1-4 years,0,0
South Carolina,Male,5-14 years,0,0
South Carolina,Male,15-24 years,0,0
South Carolina,Male,18-29 years,10,0
South Carolina,Male,25-34 years,14,0
South Carolina,Male,30-49 years,96,38
South Carolina,Male,35-44 years,45,17
South Carolina,Male,45-54 years,86,31
South Carolina,Male,50-64 years,290,121
South Carolina,Male,55-64 years,247,107
South Carolina,Male,65-74 years,461,209
South Carolina,Male,75-84 years,609,257
South Carolina,Male,85 years and over,368,158
South Carolina,Female,All Ages,1785,761
South Carolina,Female,Under 1 year,0,0
South Carolina,Female,0-17 years,0,0
South Carolina,Female,1-4 years,0,0
South Carolina,Female,5-14 years,0,0
South Carolina,Female,15-24 years,0,0
South Carolina,Female,18-29 years,0,0
South Carolina,Female,25-34 years,0,0
South Carolina,Female,30-49 years,38,13
South Carolina,Female,35-44 years,18,0
South Carolina,Female,45-54 years,54,21
South Carolina,Female,50-64 years,246,111
South Carolina,Female,55-64 years,211,95
South Carolina,Female,65-74 years,407,191
South Carolina,Female,75-84 years,487,210
South Carolina,Female,85 years and over,599,230
South Carolina,Unknown,All Ages,0,0
South Carolina,Unknown,Under 1 year,0,0
South Carolina,Unknown,0-17 years,0,0
South Carolina,Unknown,1-4 years,0,0
South Carolina,Unknown,5-14 years,0,0
South Carolina,Unknown,15-24 years,0,0
South Carolina,Unknown,18-29 years,0,0
South Carolina,Unknown,25-34 years,0,0
South Carolina,Unknown,30-49 years,0,0
South Carolina,Unknown,35-44 years,0,0
South Carolina,Unknown,45-54 years,0,0
South Carolina,Unknown,50-64 years,0,0
South Carolina,Unknown,55-64 years,0,0
South Carolina,Unknown,65-74 years,0,0
South Carolina,Unknown,75-84 years,0,0
South Carolina,Unknown,85 years and over,0,0
South Dakota,All Sexes,All Ages,376,172
South Dakota,Male,All Ages,211,109
South Dakota,Male,Under 1 year,0,0
South Dakota,Male,0-17 years,0,0
South Dakota,Male,1-4 years,0,0
South Dakota,Male,5-14 years,0,0
South Dakota,Male,15-24 years,0,0
South Dakota,Male,18-29 years,0,0
South Dakota,Male,25-34 years,0,0
South Dakota,Male,30-49 years,16,0
South Dakota,Male,35-44 years,0,0
South Dakota,Male,45-54 years,14,0
South Dakota,Male,50-64 years,37,21
South Dakota,Male,55-64 years,29,16
South Dakota,Male,65-74 years,36,19
South Dakota,Male,75-84 years,55,27
South Dakota,Male,85 years and over,66,32
South Dakota,Female,All Ages,165,63
South Dakota,Female,Under 1 year,0,0
South Dakota,Female,0-17 years,0,0
South Dakota,Female,1-4 years,0,0
South Dakota,Female,5-14 years,0,0
South Dakota,Female,15-24 years,0,0
South Dakota,Female,18-29 years,0,0
South Dakota,Female,25-34 years,0,0
South Dakota,Female,30-49 years,0,0
South Dakota,Female,35-44 years,0,0
South Dakota,Female,45-54 years,0,0
South Dakota,Female,50-64 years,19,12
South Dakota,Female,55-64 years,15,11
South Dakota,Female,65-74 years,26,10
South Dakota,Female,75-84 years,36,17
South Dakota,Female,85 years and over,77,23
South Dakota,Unknown,All Ages,0,0
South Dakota,Unknown,Under 1 year,0,0
South Dakota,Unknown,0-17 years,0,0
South Dakota,Unknown,1-4 years,0,0
South Dakota,Unknown,5-14 years,0,0
South Dakota,Unknown,15-24 years,0,0
South Dakota,Unknown,18-29 years,0,0
South Dakota,Unknown,25-34 years,0,0
South Dakota,Unknown,30-49 years,0,0
South Dakota,Unknown,35-44 years,0,0
South Dakota,Unknown,45-54 years,0,0
South Dakota,Unknown,50-64 years,0,0
South Dakota,Unknown,55-64 years,0,0
South Dakota,Unknown,65-74 years,0,0
South Dakota,Unknown,75-84 years,0,0
South Dakota,Unknown,85 years and over,0,0
Tennessee,All Sexes,All Ages,2959,1481
Tennessee,Male,All Ages,1659,873
Tennessee,Male,Under 1 year,0,0
Tennessee,Male,0-17 years,0,0
Tennessee,Male,1-4 years,0,0
Tennessee,Male,5-14 years,0,0
Tennessee,Male,15-24 years,0,0
Tennessee,Male,18-29 years,0,0
Tennessee,Male,25-34 years,15,0
Tennessee,Male,30-49 years,96,40
Tennessee,Male,35-44 years,44,20
Tennessee,Male,45-54 years,90,43
Tennessee,Male,50-64 years,316,177
Tennessee,Male,55-64 years,266,150
Tennessee,Male,65-74 years,424,228
Tennessee,Male,75-84 years,514,268
Tennessee,Male,85 years and over,303,158
Tennessee,Female,All Ages,1300,608
Tennessee,Female,Under 1 year,0,0
Tennessee,Female,0-17 years,0,0
Tennessee,Female,1-4 years,0,0
Tennessee,Female,5-14 years,0,0
Tennessee,Female,15-24 years,0,0
Tennessee,Female,18-29 years,0,0
Tennessee,Female,25-34 years,0,0
Tennessee,Female,30-49 years,54,29
Tennessee,Female,35-44 years,22,15
Tennessee,Female,45-54 years,61,30
Tennessee,Female,50-64 years,214,130
Tennessee,Female,55-64 years,181,112
Tennessee,Female,65-74 years,305,145
Tennessee,Female,75-84 years,356,168
Tennessee,Female,85 years and over,363,136
Tennessee,Unknown,All Ages,0,0
Tennessee,Unknown,Under 1 year,0,0
Tennessee,Unknown,0-17 years,0,0
Tennessee,Unknown,1-4 years,0,0
Tennessee,Unknown,5-14 years,0,0
Tennessee,Unknown,15-24 years,0,0
Tennessee,Unknown,18-29 years,0,0
Tennessee,Unknown,25-34 years,0,0
Tennessee,Unknown,30-49 years,0,0
Tennessee,Unknown,35-44 years,0,0
Tennessee,Unknown,45-54 years,0,0
Tennessee,Unknown,50-64 years,0,0
Tennessee,Unknown,55-64 years,0,0
Tennessee,Unknown,65-74 years,0,0
Tennessee,Unknown,75-84 years,0,0
Tennessee,Unknown,85 years and over,0,0
Texas,All Sexes,All Ages,17706,9087
Texas,Male,All Ages,10295,5320
Texas,Male,Under 1 year,0,0
Texas,Male,0-17 years,13,0
Texas,Male,1-4 years,0,0
Texas,Male,5-14 years,0,0
Texas,Male,15-24 years,25,10
Texas,Male,18-29 years,79,35
Texas,Male,25-34 years,153,72
Texas,Male,30-49 years,882,398
Texas,Male,35-44 years,372,172
Texas,Male,45-54 years,1009,475
Texas,Male,50-64 years,2518,1267
Texas,Male,55-64 years,1923,971
Texas,Male,65-74 years,2656,1460
Texas,Male,75-84 years,2523,1339
Texas,Male,85 years and over,1624,819
Texas,Female,All Ages,7411,3767
Texas,Female,Under 1 year,0,0
Texas,Female,0-17 years,11,0
Texas,Female,1-4 years,0,0
Texas,Female,5-14 years,0,0
Texas,Female,15-24 years,21,0
Texas,Female,18-29 years,43,19
Texas,Female,25-34 years,64,26
Texas,Female,30-49 years,421,206
Texas,Female,35-44 years,205,96
Texas,Female,45-54 years,482,255
Texas,Female,50-64 years,1358,743
Texas,Female,55-64 years,1056,586
Texas,Female,65-74 years,1691,904
Texas,Female,75-84 years,1824,960
Texas,Female,85 years and over,2063,932
Texas,Unknown,All Ages,0,0
Texas,Unknown,Under 1 year,0,0
Texas,Unknown,0-17 years,0,0
Texas,Unknown,1-4 years,0,0
Texas,Unknown,5-14 years,0,0
Texas,Unknown,15-24 years,0,0
Texas,Unknown,18-29 years,0,0
Texas,Unknown,25-34 years,0,0
Texas,Unknown,30-49 years,0,0
Texas,Unknown,35-44 years,0,0
Texas,Unknown,45-54 years,0,0
Texas,Unknown,50-64 years,0,0
Texas,Unknown,55-64 years,0,0
Texas,Unknown,65-74 years,0,0
Texas,Unknown,75-84 years,0,0
Texas,Unknown,85 years and over,0,0
Utah,All Sexes,All Ages,582,223
Utah,Male,All Ages,358,149
Utah,Male,Under 1 year,0,0
Utah,Male,0-17 years,0,0
Utah,Male,1-4 years,0,0
Utah,Male,5-14 years,0,0
Utah,Male,15-24 years,0,0
Utah,Male,18-29 years,0,0
Utah,Male,25-34 years,0,0
Utah,Male,30-49 years,24,0
Utah,Male,35-44 years,12,0
Utah,Male,45-54 years,26,13
Utah,Male,50-64 years,73,38
Utah,Male,55-64 years,57,29
Utah,Male,65-74 years,86,46
Utah,Male,75-84 years,101,37
Utah,Male,85 years and over,71,19
Utah,Female,All Ages,224,74
Utah,Female,Under 1 year,0,0
Utah,Female,0-17 years,0,0
Utah,Female,1-4 years,0,0
Utah,Female,5-14 years,0,0
Utah,Female,15-24 years,0,0
Utah,Female,18-29 years,0,0
Utah,Female,25-34 years,0,0
Utah,Female,30-49 years,13,0
Utah,Female,35-44 years,0,0
Utah,Female,45-54 years,12,0
Utah,Female,50-64 years,29,10
Utah,Female,55-64 years,22,0
Utah,Female,65-74 years,50,25
Utah,Female,75-84 years,55,19
Utah,Female,85 years and over,76,17
Utah,Unknown,All Ages,0,0
Utah,Unknown,Under 1 year,0,0
Utah,Unknown,0-17 years,0,0
Utah,Unknown,1-4 years,0,0
Utah,Unknown,5-14 years,0,0
Utah,Unknown,15-24 years,0,0
Utah,Unknown,18-29 years,0,0
Utah,Unknown,25-34 years,0,0
Utah,Unknown,30-49 years,0,0
Utah,Unknown,35-44 years,0,0
Utah,Unknown,45-54 years,0,0
Utah,Unknown,50-64 years,0,0
Utah,Unknown,55-64 years,0,0
Utah,Unknown,65-74 years,0,0
Utah,Unknown,75-84 years,0,0
Utah,Unknown,85 years and over,0,0
Vermont,All Sexes,All Ages,62,15
Vermont,Male,All Ages,36,12
Vermont,Male,Under 1 year,0,0
Vermont,Male,0-17 years,0,0
Vermont,Male,1-4 years,0,0
Vermont,Male,5-14 years,0,0
Vermont,Male,15-24 years,0,0
Vermont,Male,18-29 years,0,0
Vermont,Male,25-34 years,0,0
Vermont,Male,30-49 years,0,0
Vermont,Male,35-44 years,0,0
Vermont,Male,45-54 years,0,0
Vermont,Male,50-64 years,0,0
Vermont,Male,55-64 years,0,0
Vermont,Male,65-74 years,0,0
Vermont,Male,75-84 years,16,0
Vermont,Male,85 years and over,0,0
Vermont,Female,All Ages,26,0
Vermont,Female,Under 1 year,0,0
Vermont,Female,0-17 years,0,0
Vermont,Female,1-4 years,0,0
Vermont,Female,5-14 years,0,0
Vermont,Female,15-24 years,0,0
Vermont,Female,18-29 years,0,0
Vermont,Female,25-34 years,0,0
Vermont,Female,30-49 years,0,0
Vermont,Female,35-44 years,0,0
Vermont,Female,45-54 years,0,0
Vermont,Female,50-64 years,0,0
Vermont,Female,55-64 years,0,0
Vermont,Female,65-74 years,0,0
Vermont,Female,75-84 years,0,0
Vermont,Female,85 years and over,12,0
Vermont,Unknown,All Ages,0,0
Vermont,Unknown,Under 1 year,0,0
Vermont,Unknown,0-17 years,0,0
Vermont,Unknown,1-4 years,0,0
Vermont,Unknown,5-14 years,0,0
Vermont,Unknown,15-24 years,0,0
Vermont,Unknown,18-29 years,0,0
Vermont,Unknown,25-34 years,0,0
Vermont,Unknown,30-49 years,0,0
Vermont,Unknown,35-44 years,0,0
Vermont,Unknown,45-54 years,0,0
Vermont,Unknown,50-64 years,0,0
Vermont,Unknown,55-64 years,0,0
Vermont,Unknown,65-74 years,0,0
Vermont,Unknown,75-84 years,0,0
Vermont,Unknown,85 years and over,0,0
Virginia,All Sexes,All Ages,3466,1263
Virginia,Male,All Ages,1771,710
Virginia,Male,Under 1 year,0,0
Virginia,Male,0-17 years,0,0
Virginia,Male,1-4 years,0,0
Virginia,Male,5-14 years,0,0
Virginia,Male,15-24 years,0,0
Virginia,Male,18-29 years,0,0
Virginia,Male,25-34 years,0,0
Virginia,Male,30-49 years,81,35
Virginia,Male,35-44 years,30,11
Virginia,Male,45-54 years,99,45
Virginia,Male,50-64 years,317,152
Virginia,Male,55-64 years,262,128
Virginia,Male,65-74 years,417,181
Virginia,Male,75-84 years,504,201
Virginia,Male,85 years and over,446,138
Virginia,Female,All Ages,1694,552
Virginia,Female,Under 1 year,0,0
Virginia,Female,0-17 years,0,0
Virginia,Female,1-4 years,0,0
Virginia,Female,5-14 years,0,0
Virginia,Female,15-24 years,0,0
Virginia,Female,18-29 years,0,0
Virginia,Female,25-34 years,0,0
Virginia,Female,30-49 years,47,16
Virginia,Female,35-44 years,24,11
Virginia,Female,45-54 years,56,20
Virginia,Female,50-64 years,170,81
Virginia,Female,55-64 years,131,63
Virginia,Female,65-74 years,301,129
Virginia,Female,75-84 years,439,146
Virginia,Female,85 years and over,735,178
Virginia,Unknown,All Ages,0,0
Virginia,Unknown,Under 1 year,0,0
Virginia,Unknown,0-17 years,0,0
Virginia,Unknown,1-4 years,0,0
Virginia,Unknown,5-14 years,0,0
Virginia,Unknown,15-24 years,0,0
Virginia,Unknown,18-29 years,0,0
Virginia,Unknown,25-34 years,0,0
Virginia,Unknown,30-49 years,0,0
Virginia,Unknown,35-44 years,0,0
Virginia,Unknown,45-54 years,0,0
Virginia,Unknown,50-64 years,0,0
Virginia,Unknown,55-64 years,0,0
Virginia,Unknown,65-74 years,0,0
Virginia,Unknown,75-84 years,0,0
Virginia,Unknown,85 years and over,0,0
Washington,All Sexes,All Ages,2056,1062
Washington,Male,All Ages,1136,617
Washington,Male,Under 1 year,0,0
Washington,Male,0-17 years,0,0
Washington,Male,1-4 years,0,0
Washington,Male,5-14 years,0,0
Washington,Male,15-24 years,0,0
Washington,Male,18-29 years,0,0
Washington,Male,25-34 years,0,0
Washington,Male,30-49 years,50,26
Washington,Male,35-44 years,25,10
Washington,Male,45-54 years,54,28
Washington,Male,50-64 years,172,100
Washington,Male,55-64 years,140,86
Washington,Male,65-74 years,242,130
Washington,Male,75-84 years,310,168
Washington,Male,85 years and over,355,188
Washington,Female,All Ages,920,445
Washington,Female,Under 1 year,0,0
Washington,Female,0-17 years,0,0
Washington,Female,1-4 years,0,0
Washington,Female,5-14 years,0,0
Washington,Female,15-24 years,0,0
Washington,Female,18-29 years,0,0
Washington,Female,25-34 years,0,0
Washington,Female,30-49 years,20,14
Washington,Female,35-44 years,10,0
Washington,Female,45-54 years,29,18
Washington,Female,50-64 years,90,48
Washington,Female,55-64 years,71,39
Washington,Female,65-74 years,167,94
Washington,Female,75-84 years,245,133
Washington,Female,85 years and over,396,155
Washington,Unknown,All Ages,0,0
Washington,Unknown,Under 1 year,0,0
Washington,Unknown,0-17 years,0,0
Washington,Unknown,1-4 years,0,0
Washington,Unknown,5-14 years,0,0
Washington,Unknown,15-24 years,0,0
Washington,Unknown,18-29 years,0,0
Washington,Unknown,25-34 years,0,0
Washington,Unknown,30-49 years,0,0
Washington,Unknown,35-44 years,0,0
Washington,Unknown,45-54 years,0,0
Washington,Unknown,50-64 years,0,0
Washington,Unknown,55-64 years,0,0
Washington,Unknown,65-74 years,0,0
Washington,Unknown,75-84 years,0,0
Washington,Unknown,85 years and over,0,0
West Virginia,All Sexes,All Ages,352,130
West Virginia,Male,All Ages,161,71
West Virginia,Male,Under 1 year,0,0
West Virginia,Male,0-17 years,0,0
West Virginia,Male,1-4 years,0,0
West Virginia,Male,5-14 years,0,0
West Virginia,Male,15-24 years,0,0
West Virginia,Male,18-29 years,0,0
West Virginia,Male,25-34 years,0,0
West Virginia,Male,30-49 years,0,0
West Virginia,Male,35-44 years,0,0
West Virginia,Male,45-54 years,0,0
West Virginia,Male,50-64 years,14,0
West Virginia,Male,55-64 years,11,0
West Virginia,Male,65-74 years,49,22
West Virginia,Male,75-84 years,54,28
West Virginia,Male,85 years and over,43,15
West Virginia,Female,All Ages,190,59
West Virginia,Female,Under 1 year,0,0
West Virginia,Female,0-17 years,0,0
West Virginia,Female,1-4 years,0,0
West Virginia,Female,5-14 years,0,0
West Virginia,Female,15-24 years,0,0
West Virginia,Female,18-29 years,0,0
West Virginia,Female,25-34 years,0,0
West Virginia,Female,30-49 years,0,0
West Virginia,Female,35-44 years,0,0
West Virginia,Female,45-54 years,0,0
West Virginia,Female,50-64 years,17,0
West Virginia,Female,55-64 years,13,0
West Virginia,Female,65-74 years,49,22
West Virginia,Female,75-84 years,49,16
West Virginia,Female,85 years and over,68,19
West Virginia,Unknown,All Ages,0,0
West Virginia,Unknown,Under 1 year,0,0
West Virginia,Unknown,0-17 years,0,0
West Virginia,Unknown,1-4 years,0,0
West Virginia,Unknown,5-14 years,0,0
West Virginia,Unknown,15-24 years,0,0
West Virginia,Unknown,18-29 years,0,0
West Virginia,Unknown,25-34 years,0,0
West Virginia,Unknown,30-49 years,0,0
West Virginia,Unknown,35-44 years,0,0
West Virginia,Unknown,45-54 years,0,0
West Virginia,Unknown,50-64 years,0,0
West Virginia,Unknown,55-64 years,0,0
West Virginia,Unknown,65-74 years,0,0
West Virginia,Unknown,75-84 years,0,0
West Virginia,Unknown,85 years and over,0,0
Wisconsin,All Sexes,All Ages,1675,431
Wisconsin,Male,All Ages,926,268
Wisconsin,Male,Under 1 year,0,0
Wisconsin,Male,0-17 years,0,0
Wisconsin,Male,1-4 years,0,0
Wisconsin,Male,5-14 years,0,0
Wisconsin,Male,15-24 years,0,0
Wisconsin,Male,18-29 years,0,0
Wisconsin,Male,25-34 years,0,0
Wisconsin,Male,30-49 years,44,0
Wisconsin,Male,35-44 years,17,0
Wisconsin,Male,45-54 years,50,10
Wisconsin,Male,50-64 years,137,29
Wisconsin,Male,55-64 years,109,22
Wisconsin,Male,65-74 years,212,63
Wisconsin,Male,75-84 years,271,81
Wisconsin,Male,85 years and over,254,88
Wisconsin,Female,All Ages,749,163
Wisconsin,Female,Under 1 year,0,0
Wisconsin,Female,0-17 years,0,0
Wisconsin,Female,1-4 years,0,0
Wisconsin,Female,5-14 years,0,0
Wisconsin,Female,15-24 years,0,0
Wisconsin,Female,18-29 years,0,0
Wisconsin,Female,25-34 years,0,0
Wisconsin,Female,30-49 years,21,0
Wisconsin,Female,35-44 years,0,0
Wisconsin,Female,45-54 years,31,0
Wisconsin,Female,50-64 years,88,18
Wisconsin,Female,55-64 years,68,17
Wisconsin,Female,65-74 years,139,37
Wisconsin,Female,75-84 years,196,46
Wisconsin,Female,85 years and over,300,57
Wisconsin,Unknown,All Ages,0,0
Wisconsin,Unknown,Under 1 year,0,0
Wisconsin,Unknown,0-17 years,0,0
Wisconsin,Unknown,1-4 years,0,0
Wisconsin,Unknown,5-14 years,0,0
Wisconsin,Unknown,15-24 years,0,0
Wisconsin,Unknown,18-29 years,0,0
Wisconsin,Unknown,25-34 years,0,0
Wisconsin,Unknown,30-49 years,0,0
Wisconsin,Unknown,35-44 years,0,0
Wisconsin,Unknown,45-54 years,0,0
Wisconsin,Unknown,50-64 years,0,0
Wisconsin,Unknown,55-64 years,0,0
Wisconsin,Unknown,65-74 years,0,0
Wisconsin,Unknown,75-84 years,0,0
Wisconsin,Unknown,85 years and over,0,0
Wyoming,All Sexes,All Ages,59,23
Wyoming,Male,All Ages,32,16
Wyoming,Male,Under 1 year,0,0
Wyoming,Male,0-17 years,0,0
Wyoming,Male,1-4 years,0,0
Wyoming,Male,5-14 years,0,0
Wyoming,Male,15-24 years,0,0
Wyoming,Male,18-29 years,0,0
Wyoming,Male,25-34 years,0,0
Wyoming,Male,30-49 years,0,0
Wyoming,Male,35-44 years,0,0
Wyoming,Male,45-54 years,0,0
Wyoming,Male,50-64 years,0,0
Wyoming,Male,55-64 years,0,0
Wyoming,Male,65-74 years,0,0
Wyoming,Male,75-84 years,13,0
Wyoming,Male,85 years and over,0,0
Wyoming,Female,All Ages,27,0
Wyoming,Female,Under 1 year,0,0
Wyoming,Female,0-17 years,0,0
Wyoming,Female,1-4 years,0,0
Wyoming,Female,5-14 years,0,0
Wyoming,Female,15-24 years,0,0
Wyoming,Female,18-29 years,0,0
Wyoming,Female,25-34 years,0,0
Wyoming,Female,30-49 years,0,0
Wyoming,Female,35-44 years,0,0
Wyoming,Female,45-54 years,0,0
Wyoming,Female,50-64 years,0,0
Wyoming,Female,55-64 years,0,0
Wyoming,Female,65-74 years,0,0
Wyoming,Female,75-84 years,0,0
Wyoming,Female,85 years and over,0,0
Wyoming,Unknown,All Ages,0,0
Wyoming,Unknown,Under 1 year,0,0
Wyoming,Unknown,0-17 years,0,0
Wyoming,Unknown,1-4 years,0,0
Wyoming,Unknown,5-14 years,0,0
Wyoming,Unknown,15-24 years,0,0
Wyoming,Unknown,18-29 years,0,0
Wyoming,Unknown,25-34 years,0,0
Wyoming,Unknown,30-49 years,0,0
Wyoming,Unknown,35-44 years,0,0
Wyoming,Unknown,45-54 years,0,0
Wyoming,Unknown,50-64 years,0,0
Wyoming,Unknown,55-64 years,0,0
Wyoming,Unknown,65-74 years,0,0
Wyoming,Unknown,75-84 years,0,0
Wyoming,Unknown,85 years and over,0,0
Puerto Rico,All Sexes,All Ages,709,448
Puerto Rico,Male,All Ages,420,270
Puerto Rico,Male,Under 1 year,0,0
Puerto Rico,Male,0-17 years,0,0
Puerto Rico,Male,1-4 years,0,0
Puerto Rico,Male,5-14 years,0,0
Puerto Rico,Male,15-24 years,0,0
Puerto Rico,Male,18-29 years,0,0
Puerto Rico,Male,25-34 years,0,0
Puerto Rico,Male,30-49 years,35,24
Puerto Rico,Male,35-44 years,16,12
Puerto Rico,Male,45-54 years,34,18
Puerto Rico,Male,50-64 years,79,45
Puerto Rico,Male,55-64 years,59,35
Puerto Rico,Male,65-74 years,119,78
Puerto Rico,Male,75-84 years,116,79
Puerto Rico,Male,85 years and over,67,41
Puerto Rico,Female,All Ages,289,178
Puerto Rico,Female,Under 1 year,0,0
Puerto Rico,Female,0-17 years,0,0
Puerto Rico,Female,1-4 years,0,0
Puerto Rico,Female,5-14 years,0,0
Puerto Rico,Female,15-24 years,0,0
Puerto Rico,Female,18-29 years,0,0
Puerto Rico,Female,25-34 years,0,0
Puerto Rico,Female,30-49 years,0,0
Puerto Rico,Female,35-44 years,0,0
Puerto Rico,Female,45-54 years,19,10
Puerto Rico,Female,50-64 years,59,42
Puerto Rico,Female,55-64 years,45,35
Puerto Rico,Female,65-74 years,64,41
Puerto Rico,Female,75-84 years,75,44
Puerto Rico,Female,85 years and over,76,44
Puerto Rico,Unknown,All Ages,0,0
Puerto Rico,Unknown,Under 1 year,0,0
Puerto Rico,Unknown,0-17 years,0,0
Puerto Rico,Unknown,1-4 years,0,0
Puerto Rico,Unknown,5-14 years,0,0
Puerto Rico,Unknown,15-24 years,0,0
Puerto Rico,Unknown,18-29 years,0,0
Puerto Rico,Unknown,25-34 years,0,0
Puerto Rico,Unknown,30-49 years,0,0
Puerto Rico,Unknown,35-44 years,0,0
Puerto Rico,Unknown,45-54 years,0,0
Puerto Rico,Unknown,50-64 years,0,0
Puerto Rico,Unknown,55-64 years,0,0
Puerto Rico,Unknown,65-74 years,0,0
Puerto Rico,Unknown,75-84 years,0,0
Puerto Rico,Unknown,85 years and over,0,0
