Data as of,State,Place of Death,Start week,End Week,COVID19 Deaths,Total Deaths,Pneumonia Deaths,Pneumonia and COVID19 Deaths,Influenza Deaths,"Pneumonia, Influenza, or COVID19 Deaths",Footnote
10/28/2020,United States,"Healthcare Setting, Inpatient",02/01/2020,10/24/2020,138161,681084,156061,77045,4090,221140,
10/28/2020,United States,"Healthcare Setting, Outpatient or Emergency Room",02/01/2020,10/24/2020,7325,138463,7060,2389,245,12232,
10/28/2020,United States,"Healthcare Setting, Dead on Arrival",02/01/2020,10/24/2020,197,6686,148,51,12,306,
10/28/2020,United States,Decedent's Home,02/01/2020,10/24/2020,11544,791073,14923,2449,1456,24643,
10/28/2020,United States,Hospice Facility,02/01/2020,10/24/2020,6409,145972,10520,2995,318,14244,
10/28/2020,United States,Nursing Home or Long Term Care Facility,02/01/2020,10/24/2020,44862,404609,25623,10603,530,60396,
10/28/2020,United States,Other,02/01/2020,10/24/2020,3735,159616,3546,996,99,6368,
10/28/2020,United States,Place of Death Unknown,02/01/2020,10/24/2020,95,2892,78,29,0,144,
10/28/2020,Alabama,"Healthcare Setting, Inpatient",02/01/2020,10/24/2020,2773,13122,2807,1101,71,4547,
10/28/2020,Alabama,"Healthcare Setting, Outpatient or Emergency Room",02/01/2020,10/24/2020,115,3204,70,13,,181,One or more data cells have counts between 1-9 and have been suppressed in accordance with NCHS confidentiality standards.
10/28/2020,Alabama,"Healthcare Setting, Dead on Arrival",02/01/2020,10/24/2020,,59,0,0,0,,One or more data cells have counts between 1-9 and have been suppressed in accordance with NCHS confidentiality standards.
10/28/2020,Alabama,Decedent's Home,02/01/2020,10/24/2020,196,17642,147,26,14,330,
10/28/2020,Alabama,Hospice Facility,02/01/2020,10/24/2020,44,1627,116,19,,144,One or more data cells have counts between 1-9 and have been suppressed in accordance with NCHS confidentiality standards.
10/28/2020,Alabama,Nursing Home or Long Term Care Facility,02/01/2020,10/24/2020,623,5278,208,75,,758,One or more data cells have counts between 1-9 and have been suppressed in accordance with NCHS confidentiality standards.
10/28/2020,Alabama,Other,02/01/2020,10/24/2020,17,2436,24,,,40,One or more data cells have counts between 1-9 and have been suppressed in accordance with NCHS confidentiality standards.
10/28/2020,Alabama,Place of Death Unknown,02/01/2020,10/24/2020,0,0,0,0,0,0,
10/28/2020,Alaska,"Healthcare Setting, Inpatient",02/01/2020,10/24/2020,43,990,101,25,,124,One or more data cells have counts between 1-9 and have been suppressed in accordance with NCHS confidentiality standards.
10/28/2020,Alaska,"Healthcare Setting, Outpatient or Emergency Room",02/01/2020,10/24/2020,,209,,0,0,,One or more data cells have counts between 1-9 and have been suppressed in accordance with NCHS confidentiality standards.
10/28/2020,Alaska,"Healthcare Setting, Dead on Arrival",02/01/2020,10/24/2020,0,,0,0,0,0,One or more data cells have counts between 1-9 and have been suppressed in accordance with NCHS confidentiality standards.
10/28/2020,Alaska,Decedent's Home,02/01/2020,10/24/2020,,1328,20,,0,25,One or more data cells have counts between 1-9 and have been suppressed in accordance with NCHS confidentiality standards.
10/28/2020,Alaska,Hospice Facility,02/01/2020,10/24/2020,0,0,0,0,0,0,
10/28/2020,Alaska,Nursing Home or Long Term Care Facility,02/01/2020,10/24/2020,,324,,0,,12,One or more data cells have counts between 1-9 and have been suppressed in accordance with NCHS confidentiality standards.
10/28/2020,Alaska,Other,02/01/2020,10/24/2020,,298,,,0,,One or more data cells have counts between 1-9 and have been suppressed in accordance with NCHS confidentiality standards.
10/28/2020,Alaska,Place of Death Unknown,02/01/2020,10/24/2020,0,0,0,0,0,0,
10/28/2020,Arizona,"Healthcare Setting, Inpatient",02/01/2020,10/24/2020,3446,13367,3821,2300,81,5048,
10/28/2020,Arizona,"Healthcare Setting, Outpatient or Emergency Room",02/01/2020,10/24/2020,134,2776,127,45,,220,One or more data cells have counts between 1-9 and have been suppressed in accordance with NCHS confidentiality standards.
10/28/2020,Arizona,"Healthcare Setting, Dead on Arrival",02/01/2020,10/24/2020,,21,,,0,,One or more data cells have counts between 1-9 and have been suppressed in accordance with NCHS confidentiality standards.
10/28/2020,Arizona,Decedent's Home,02/01/2020,10/24/2020,370,18966,538,135,12,785,
10/28/2020,Arizona,Hospice Facility,02/01/2020,10/24/2020,349,4544,412,144,15,632,
10/28/2020,Arizona,Nursing Home or Long Term Care Facility,02/01/2020,10/24/2020,507,3216,323,187,,645,One or more data cells have counts between 1-9 and have been suppressed in accordance with NCHS confidentiality standards.
10/28/2020,Arizona,Other,02/01/2020,10/24/2020,418,11454,384,144,,659,One or more data cells have counts between 1-9 and have been suppressed in accordance with NCHS confidentiality standards.
10/28/2020,Arizona,Place of Death Unknown,02/01/2020,10/24/2020,0,0,0,0,0,0,
10/28/2020,Arkansas,"Healthcare Setting, Inpatient",02/01/2020,10/24/2020,1002,7012,1483,543,51,1992,
10/28/2020,Arkansas,"Healthcare Setting, Outpatient or Emergency Room",02/01/2020,10/24/2020,61,1959,96,20,10,147,
10/28/2020,Arkansas,"Healthcare Setting, Dead on Arrival",02/01/2020,10/24/2020,,71,,,0,,One or more data cells have counts between 1-9 and have been suppressed in accordance with NCHS confidentiality standards.
10/28/2020,Arkansas,Decedent's Home,02/01/2020,10/24/2020,70,8711,161,21,12,222,
10/28/2020,Arkansas,Hospice Facility,02/01/2020,10/24/2020,44,2424,183,24,,206,One or more data cells have counts between 1-9 and have been suppressed in accordance with NCHS confidentiality standards.
10/28/2020,Arkansas,Nursing Home or Long Term Care Facility,02/01/2020,10/24/2020,416,4035,253,122,,549,One or more data cells have counts between 1-9 and have been suppressed in accordance with NCHS confidentiality standards.
10/28/2020,Arkansas,Other,02/01/2020,10/24/2020,22,1586,24,,0,43,One or more data cells have counts between 1-9 and have been suppressed in accordance with NCHS confidentiality standards.
10/28/2020,Arkansas,Place of Death Unknown,02/01/2020,10/24/2020,0,0,0,0,0,0,
10/28/2020,California,"Healthcare Setting, Inpatient",02/01/2020,10/24/2020,12529,67026,17548,8103,492,22464,
10/28/2020,California,"Healthcare Setting, Outpatient or Emergency Room",02/01/2020,10/24/2020,559,12835,789,213,22,1157,
10/28/2020,California,"Healthcare Setting, Dead on Arrival",02/01/2020,10/24/2020,,87,,0,0,,One or more data cells have counts between 1-9 and have been suppressed in accordance with NCHS confidentiality standards.
10/28/2020,California,Decedent's Home,02/01/2020,10/24/2020,936,85415,1567,237,34,2300,
10/28/2020,California,Hospice Facility,02/01/2020,10/24/2020,30,3067,113,12,,132,One or more data cells have counts between 1-9 and have been suppressed in accordance with NCHS confidentiality standards.
10/28/2020,California,Nursing Home or Long Term Care Facility,02/01/2020,10/24/2020,2216,29550,1813,683,24,3370,
10/28/2020,California,Other,02/01/2020,10/24/2020,389,21372,389,87,,700,One or more data cells have counts between 1-9 and have been suppressed in accordance with NCHS confidentiality standards.
10/28/2020,California,Place of Death Unknown,02/01/2020,10/24/2020,0,,0,0,0,0,One or more data cells have counts between 1-9 and have been suppressed in accordance with NCHS confidentiality standards.
10/28/2020,Colorado,"Healthcare Setting, Inpatient",02/01/2020,10/24/2020,1059,7330,1439,679,45,1861,
10/28/2020,Colorado,"Healthcare Setting, Outpatient or Emergency Room",02/01/2020,10/24/2020,35,1318,66,21,,85,One or more data cells have counts between 1-9 and have been suppressed in accordance with NCHS confidentiality standards.
10/28/2020,Colorado,"Healthcare Setting, Dead on Arrival",02/01/2020,10/24/2020,,33,,,0,,One or more data cells have counts between 1-9 and have been suppressed in accordance with NCHS confidentiality standards.
10/28/2020,Colorado,Decedent's Home,02/01/2020,10/24/2020,146,11958,311,44,23,436,
10/28/2020,Colorado,Hospice Facility,02/01/2020,10/24/2020,38,2554,136,21,,157,One or more data cells have counts between 1-9 and have been suppressed in accordance with NCHS confidentiality standards.
10/28/2020,Colorado,Nursing Home or Long Term Care Facility,02/01/2020,10/24/2020,785,7358,571,288,19,1085,
10/28/2020,Colorado,Other,02/01/2020,10/24/2020,30,2145,51,,0,73,One or more data cells have counts between 1-9 and have been suppressed in accordance with NCHS confidentiality standards.
10/28/2020,Colorado,Place of Death Unknown,02/01/2020,10/24/2020,0,11,0,0,0,0,
10/28/2020,Connecticut,"Healthcare Setting, Inpatient",02/01/2020,10/24/2020,2263,8125,1397,716,54,2995,
10/28/2020,Connecticut,"Healthcare Setting, Outpatient or Emergency Room",02/01/2020,10/24/2020,124,1434,57,18,,165,One or more data cells have counts between 1-9 and have been suppressed in accordance with NCHS confidentiality standards.
10/28/2020,Connecticut,"Healthcare Setting, Dead on Arrival",02/01/2020,10/24/2020,,183,,,0,,One or more data cells have counts between 1-9 and have been suppressed in accordance with NCHS confidentiality standards.
10/28/2020,Connecticut,Decedent's Home,02/01/2020,10/24/2020,129,6875,95,11,,217,One or more data cells have counts between 1-9 and have been suppressed in accordance with NCHS confidentiality standards.
10/28/2020,Connecticut,Hospice Facility,02/01/2020,10/24/2020,45,782,41,15,0,71,
10/28/2020,Connecticut,Nursing Home or Long Term Care Facility,02/01/2020,10/24/2020,1806,5805,394,206,12,2006,
10/28/2020,Connecticut,Other,02/01/2020,10/24/2020,119,1405,22,,0,133,One or more data cells have counts between 1-9 and have been suppressed in accordance with NCHS confidentiality standards.
10/28/2020,Connecticut,Place of Death Unknown,02/01/2020,10/24/2020,0,83,,0,0,,One or more data cells have counts between 1-9 and have been suppressed in accordance with NCHS confidentiality standards.
10/28/2020,Delaware,"Healthcare Setting, Inpatient",02/01/2020,10/24/2020,308,1856,389,172,,534,One or more data cells have counts between 1-9 and have been suppressed in accordance with NCHS confidentiality standards.
10/28/2020,Delaware,"Healthcare Setting, Outpatient or Emergency Room",02/01/2020,10/24/2020,13,389,15,,,22,One or more data cells have counts between 1-9 and have been suppressed in accordance with NCHS confidentiality standards.
10/28/2020,Delaware,"Healthcare Setting, Dead on Arrival",02/01/2020,10/24/2020,0,,0,0,0,0,One or more data cells have counts between 1-9 and have been suppressed in accordance with NCHS confidentiality standards.
10/28/2020,Delaware,Decedent's Home,02/01/2020,10/24/2020,29,2956,30,,,54,One or more data cells have counts between 1-9 and have been suppressed in accordance with NCHS confidentiality standards.
10/28/2020,Delaware,Hospice Facility,02/01/2020,10/24/2020,,677,15,0,,20,One or more data cells have counts between 1-9 and have been suppressed in accordance with NCHS confidentiality standards.
10/28/2020,Delaware,Nursing Home or Long Term Care Facility,02/01/2020,10/24/2020,239,1201,84,45,,279,One or more data cells have counts between 1-9 and have been suppressed in accordance with NCHS confidentiality standards.
10/28/2020,Delaware,Other,02/01/2020,10/24/2020,,458,,0,0,,One or more data cells have counts between 1-9 and have been suppressed in accordance with NCHS confidentiality standards.
10/28/2020,Delaware,Place of Death Unknown,02/01/2020,10/24/2020,0,,0,0,0,0,One or more data cells have counts between 1-9 and have been suppressed in accordance with NCHS confidentiality standards.
10/28/2020,District of Columbia,"Healthcare Setting, Inpatient",02/01/2020,10/24/2020,620,2716,844,598,,874,One or more data cells have counts between 1-9 and have been suppressed in accordance with NCHS confidentiality standards.
10/28/2020,District of Columbia,"Healthcare Setting, Outpatient or Emergency Room",02/01/2020,10/24/2020,31,338,33,29,0,35,
10/28/2020,District of Columbia,"Healthcare Setting, Dead on Arrival",02/01/2020,10/24/2020,0,0,0,0,0,0,
10/28/2020,District of Columbia,Decedent's Home,02/01/2020,10/24/2020,40,1286,47,32,0,55,
10/28/2020,District of Columbia,Hospice Facility,02/01/2020,10/24/2020,24,184,24,20,0,28,
10/28/2020,District of Columbia,Nursing Home or Long Term Care Facility,02/01/2020,10/24/2020,57,429,68,55,0,70,
10/28/2020,District of Columbia,Other,02/01/2020,10/24/2020,11,353,12,10,,14,One or more data cells have counts between 1-9 and have been suppressed in accordance with NCHS confidentiality standards.
10/28/2020,District of Columbia,Place of Death Unknown,02/01/2020,10/24/2020,0,,0,0,0,0,One or more data cells have counts between 1-9 and have been suppressed in accordance with NCHS confidentiality standards.
10/28/2020,Florida,"Healthcare Setting, Inpatient",02/01/2020,10/24/2020,11244,49817,12438,6801,236,17094,
10/28/2020,Florida,"Healthcare Setting, Outpatient or Emergency Room",02/01/2020,10/24/2020,525,11096,473,194,10,814,
10/28/2020,Florida,"Healthcare Setting, Dead on Arrival",02/01/2020,10/24/2020,,159,,0,0,,One or more data cells have counts between 1-9 and have been suppressed in accordance with NCHS confidentiality standards.
10/28/2020,Florida,Decedent's Home,02/01/2020,10/24/2020,606,51784,1011,236,28,1409,
10/28/2020,Florida,Hospice Facility,02/01/2020,10/24/2020,2080,30633,2816,996,52,3950,
10/28/2020,Florida,Nursing Home or Long Term Care Facility,02/01/2020,10/24/2020,1025,15866,761,270,,1520,One or more data cells have counts between 1-9 and have been suppressed in accordance with NCHS confidentiality standards.
10/28/2020,Florida,Other,02/01/2020,10/24/2020,572,17241,679,244,,1013,One or more data cells have counts between 1-9 and have been suppressed in accordance with NCHS confidentiality standards.
10/28/2020,Florida,Place of Death Unknown,02/01/2020,10/24/2020,0,0,0,0,0,0,
10/28/2020,Georgia,"Healthcare Setting, Inpatient",02/01/2020,10/24/2020,4636,20662,4679,2588,87,6812,
10/28/2020,Georgia,"Healthcare Setting, Outpatient or Emergency Room",02/01/2020,10/24/2020,310,6510,238,93,,463,One or more data cells have counts between 1-9 and have been suppressed in accordance with NCHS confidentiality standards.
10/28/2020,Georgia,"Healthcare Setting, Dead on Arrival",02/01/2020,10/24/2020,14,633,16,,,27,One or more data cells have counts between 1-9 and have been suppressed in accordance with NCHS confidentiality standards.
10/28/2020,Georgia,Decedent's Home,02/01/2020,10/24/2020,325,23697,382,98,,616,One or more data cells have counts between 1-9 and have been suppressed in accordance with NCHS confidentiality standards.
10/28/2020,Georgia,Hospice Facility,02/01/2020,10/24/2020,305,5054,419,117,,614,One or more data cells have counts between 1-9 and have been suppressed in accordance with NCHS confidentiality standards.
10/28/2020,Georgia,Nursing Home or Long Term Care Facility,02/01/2020,10/24/2020,1098,9901,547,270,,1378,One or more data cells have counts between 1-9 and have been suppressed in accordance with NCHS confidentiality standards.
10/28/2020,Georgia,Other,02/01/2020,10/24/2020,58,4204,51,15,,95,One or more data cells have counts between 1-9 and have been suppressed in accordance with NCHS confidentiality standards.
10/28/2020,Georgia,Place of Death Unknown,02/01/2020,10/24/2020,0,13,0,0,0,0,
10/28/2020,Hawaii,"Healthcare Setting, Inpatient",02/01/2020,10/24/2020,173,2152,375,94,14,468,
10/28/2020,Hawaii,"Healthcare Setting, Outpatient or Emergency Room",02/01/2020,10/24/2020,,655,31,,0,36,One or more data cells have counts between 1-9 and have been suppressed in accordance with NCHS confidentiality standards.
10/28/2020,Hawaii,"Healthcare Setting, Dead on Arrival",02/01/2020,10/24/2020,0,355,,0,,,One or more data cells have counts between 1-9 and have been suppressed in accordance with NCHS confidentiality standards.
10/28/2020,Hawaii,Decedent's Home,02/01/2020,10/24/2020,16,3267,74,,,85,One or more data cells have counts between 1-9 and have been suppressed in accordance with NCHS confidentiality standards.
10/28/2020,Hawaii,Hospice Facility,02/01/2020,10/24/2020,0,506,21,0,,22,One or more data cells have counts between 1-9 and have been suppressed in accordance with NCHS confidentiality standards.
10/28/2020,Hawaii,Nursing Home or Long Term Care Facility,02/01/2020,10/24/2020,36,802,44,,,78,One or more data cells have counts between 1-9 and have been suppressed in accordance with NCHS confidentiality standards.
10/28/2020,Hawaii,Other,02/01/2020,10/24/2020,,961,20,,,28,One or more data cells have counts between 1-9 and have been suppressed in accordance with NCHS confidentiality standards.
10/28/2020,Hawaii,Place of Death Unknown,02/01/2020,10/24/2020,0,0,0,0,0,0,
10/28/2020,Idaho,"Healthcare Setting, Inpatient",02/01/2020,10/24/2020,289,2403,374,155,14,522,
10/28/2020,Idaho,"Healthcare Setting, Outpatient or Emergency Room",02/01/2020,10/24/2020,10,398,13,,,24,One or more data cells have counts between 1-9 and have been suppressed in accordance with NCHS confidentiality standards.
10/28/2020,Idaho,"Healthcare Setting, Dead on Arrival",02/01/2020,10/24/2020,0,14,0,0,0,0,
10/28/2020,Idaho,Decedent's Home,02/01/2020,10/24/2020,62,4755,87,18,,135,One or more data cells have counts between 1-9 and have been suppressed in accordance with NCHS confidentiality standards.
10/28/2020,Idaho,Hospice Facility,02/01/2020,10/24/2020,,454,22,0,,25,One or more data cells have counts between 1-9 and have been suppressed in accordance with NCHS confidentiality standards.
10/28/2020,Idaho,Nursing Home or Long Term Care Facility,02/01/2020,10/24/2020,204,2617,128,47,,288,One or more data cells have counts between 1-9 and have been suppressed in accordance with NCHS confidentiality standards.
10/28/2020,Idaho,Other,02/01/2020,10/24/2020,,666,12,,,15,One or more data cells have counts between 1-9 and have been suppressed in accordance with NCHS confidentiality standards.
10/28/2020,Idaho,Place of Death Unknown,02/01/2020,10/24/2020,0,0,0,0,0,0,
10/28/2020,Illinois,"Healthcare Setting, Inpatient",02/01/2020,10/24/2020,5798,26669,6547,3448,119,9013,
10/28/2020,Illinois,"Healthcare Setting, Outpatient or Emergency Room",02/01/2020,10/24/2020,332,6463,303,108,,536,One or more data cells have counts between 1-9 and have been suppressed in accordance with NCHS confidentiality standards.
10/28/2020,Illinois,"Healthcare Setting, Dead on Arrival",02/01/2020,10/24/2020,11,222,,,0,11,One or more data cells have counts between 1-9 and have been suppressed in accordance with NCHS confidentiality standards.
10/28/2020,Illinois,Decedent's Home,02/01/2020,10/24/2020,365,29986,560,61,17,881,
10/28/2020,Illinois,Hospice Facility,02/01/2020,10/24/2020,197,3525,276,100,,382,One or more data cells have counts between 1-9 and have been suppressed in accordance with NCHS confidentiality standards.
10/28/2020,Illinois,Nursing Home or Long Term Care Facility,02/01/2020,10/24/2020,1570,16563,974,350,25,2219,
10/28/2020,Illinois,Other,02/01/2020,10/24/2020,186,6119,139,44,,284,One or more data cells have counts between 1-9 and have been suppressed in accordance with NCHS confidentiality standards.
10/28/2020,Illinois,Place of Death Unknown,02/01/2020,10/24/2020,0,0,0,0,0,0,
10/28/2020,Indiana,"Healthcare Setting, Inpatient",02/01/2020,10/24/2020,2223,15134,3369,1389,89,4288,
10/28/2020,Indiana,"Healthcare Setting, Outpatient or Emergency Room",02/01/2020,10/24/2020,64,2111,89,21,,135,One or more data cells have counts between 1-9 and have been suppressed in accordance with NCHS confidentiality standards.
10/28/2020,Indiana,"Healthcare Setting, Dead on Arrival",02/01/2020,10/24/2020,0,42,0,0,0,0,
10/28/2020,Indiana,Decedent's Home,02/01/2020,10/24/2020,161,18024,408,36,13,546,
10/28/2020,Indiana,Hospice Facility,02/01/2020,10/24/2020,63,2158,180,40,,210,One or more data cells have counts between 1-9 and have been suppressed in accordance with NCHS confidentiality standards.
10/28/2020,Indiana,Nursing Home or Long Term Care Facility,02/01/2020,10/24/2020,1579,13187,815,281,19,2132,
10/28/2020,Indiana,Other,02/01/2020,10/24/2020,26,2578,41,,,68,One or more data cells have counts between 1-9 and have been suppressed in accordance with NCHS confidentiality standards.
10/28/2020,Indiana,Place of Death Unknown,02/01/2020,10/24/2020,0,11,0,0,0,0,
10/28/2020,Iowa,"Healthcare Setting, Inpatient",02/01/2020,10/24/2020,814,5739,1024,396,41,1483,
10/28/2020,Iowa,"Healthcare Setting, Outpatient or Emergency Room",02/01/2020,10/24/2020,33,1118,37,,,67,One or more data cells have counts between 1-9 and have been suppressed in accordance with NCHS confidentiality standards.
10/28/2020,Iowa,"Healthcare Setting, Dead on Arrival",02/01/2020,10/24/2020,,34,,,,,One or more data cells have counts between 1-9 and have been suppressed in accordance with NCHS confidentiality standards.
10/28/2020,Iowa,Decedent's Home,02/01/2020,10/24/2020,73,6734,147,14,,215,One or more data cells have counts between 1-9 and have been suppressed in accordance with NCHS confidentiality standards.
10/28/2020,Iowa,Hospice Facility,02/01/2020,10/24/2020,38,2103,161,,,199,One or more data cells have counts between 1-9 and have been suppressed in accordance with NCHS confidentiality standards.
10/28/2020,Iowa,Nursing Home or Long Term Care Facility,02/01/2020,10/24/2020,667,7258,316,66,23,940,
10/28/2020,Iowa,Other,02/01/2020,10/24/2020,10,674,10,,0,19,One or more data cells have counts between 1-9 and have been suppressed in accordance with NCHS confidentiality standards.
10/28/2020,Iowa,Place of Death Unknown,02/01/2020,10/24/2020,,,0,0,0,,One or more data cells have counts between 1-9 and have been suppressed in accordance with NCHS confidentiality standards.
10/28/2020,Kansas,"Healthcare Setting, Inpatient",02/01/2020,10/24/2020,571,5179,908,292,50,1237,
10/28/2020,Kansas,"Healthcare Setting, Outpatient or Emergency Room",02/01/2020,10/24/2020,28,824,36,,,57,One or more data cells have counts between 1-9 and have been suppressed in accordance with NCHS confidentiality standards.
10/28/2020,Kansas,"Healthcare Setting, Dead on Arrival",02/01/2020,10/24/2020,,22,0,0,0,,One or more data cells have counts between 1-9 and have been suppressed in accordance with NCHS confidentiality standards.
10/28/2020,Kansas,Decedent's Home,02/01/2020,10/24/2020,66,6789,129,12,13,196,
10/28/2020,Kansas,Hospice Facility,02/01/2020,10/24/2020,,1094,81,,,91,One or more data cells have counts between 1-9 and have been suppressed in accordance with NCHS confidentiality standards.
10/28/2020,Kansas,Nursing Home or Long Term Care Facility,02/01/2020,10/24/2020,282,5404,223,70,18,453,
10/28/2020,Kansas,Other,02/01/2020,10/24/2020,,1117,18,,0,23,One or more data cells have counts between 1-9 and have been suppressed in accordance with NCHS confidentiality standards.
10/28/2020,Kansas,Place of Death Unknown,02/01/2020,10/24/2020,0,0,0,0,0,0,
10/28/2020,Kentucky,"Healthcare Setting, Inpatient",02/01/2020,10/24/2020,1002,11304,2429,592,68,2905,
10/28/2020,Kentucky,"Healthcare Setting, Outpatient or Emergency Room",02/01/2020,10/24/2020,56,2809,95,15,,140,One or more data cells have counts between 1-9 and have been suppressed in accordance with NCHS confidentiality standards.
10/28/2020,Kentucky,"Healthcare Setting, Dead on Arrival",02/01/2020,10/24/2020,,55,0,0,0,,One or more data cells have counts between 1-9 and have been suppressed in accordance with NCHS confidentiality standards.
10/28/2020,Kentucky,Decedent's Home,02/01/2020,10/24/2020,57,12331,287,18,16,342,
10/28/2020,Kentucky,Hospice Facility,02/01/2020,10/24/2020,64,2862,152,12,11,215,
10/28/2020,Kentucky,Nursing Home or Long Term Care Facility,02/01/2020,10/24/2020,304,5310,285,52,,539,One or more data cells have counts between 1-9 and have been suppressed in accordance with NCHS confidentiality standards.
10/28/2020,Kentucky,Other,02/01/2020,10/24/2020,,1766,26,,0,32,One or more data cells have counts between 1-9 and have been suppressed in accordance with NCHS confidentiality standards.
10/28/2020,Kentucky,Place of Death Unknown,02/01/2020,10/24/2020,0,,0,0,0,0,One or more data cells have counts between 1-9 and have been suppressed in accordance with NCHS confidentiality standards.
10/28/2020,Louisiana,"Healthcare Setting, Inpatient",02/01/2020,10/24/2020,3681,12226,2895,1935,58,4694,
10/28/2020,Louisiana,"Healthcare Setting, Outpatient or Emergency Room",02/01/2020,10/24/2020,234,2456,198,109,,326,One or more data cells have counts between 1-9 and have been suppressed in accordance with NCHS confidentiality standards.
10/28/2020,Louisiana,"Healthcare Setting, Dead on Arrival",02/01/2020,10/24/2020,,35,,,0,,One or more data cells have counts between 1-9 and have been suppressed in accordance with NCHS confidentiality standards.
10/28/2020,Louisiana,Decedent's Home,02/01/2020,10/24/2020,288,14316,266,86,,477,One or more data cells have counts between 1-9 and have been suppressed in accordance with NCHS confidentiality standards.
10/28/2020,Louisiana,Hospice Facility,02/01/2020,10/24/2020,195,1884,156,102,,251,One or more data cells have counts between 1-9 and have been suppressed in accordance with NCHS confidentiality standards.
10/28/2020,Louisiana,Nursing Home or Long Term Care Facility,02/01/2020,10/24/2020,741,6200,465,290,,917,One or more data cells have counts between 1-9 and have been suppressed in accordance with NCHS confidentiality standards.
10/28/2020,Louisiana,Other,02/01/2020,10/24/2020,53,2352,50,14,,90,One or more data cells have counts between 1-9 and have been suppressed in accordance with NCHS confidentiality standards.
10/28/2020,Louisiana,Place of Death Unknown,02/01/2020,10/24/2020,0,0,0,0,0,0,
10/28/2020,Maine,"Healthcare Setting, Inpatient",02/01/2020,10/24/2020,77,2401,387,27,22,459,
10/28/2020,Maine,"Healthcare Setting, Outpatient or Emergency Room",02/01/2020,10/24/2020,,333,21,0,,24,One or more data cells have counts between 1-9 and have been suppressed in accordance with NCHS confidentiality standards.
10/28/2020,Maine,"Healthcare Setting, Dead on Arrival",02/01/2020,10/24/2020,0,,,0,0,,One or more data cells have counts between 1-9 and have been suppressed in accordance with NCHS confidentiality standards.
10/28/2020,Maine,Decedent's Home,02/01/2020,10/24/2020,11,4184,106,,,115,One or more data cells have counts between 1-9 and have been suppressed in accordance with NCHS confidentiality standards.
10/28/2020,Maine,Hospice Facility,02/01/2020,10/24/2020,0,1208,36,0,,38,One or more data cells have counts between 1-9 and have been suppressed in accordance with NCHS confidentiality standards.
10/28/2020,Maine,Nursing Home or Long Term Care Facility,02/01/2020,10/24/2020,75,2390,135,,,206,One or more data cells have counts between 1-9 and have been suppressed in accordance with NCHS confidentiality standards.
10/28/2020,Maine,Other,02/01/2020,10/24/2020,,678,,0,0,12,One or more data cells have counts between 1-9 and have been suppressed in accordance with NCHS confidentiality standards.
10/28/2020,Maine,Place of Death Unknown,02/01/2020,10/24/2020,0,,0,0,0,0,One or more data cells have counts between 1-9 and have been suppressed in accordance with NCHS confidentiality standards.
10/28/2020,Maryland,"Healthcare Setting, Inpatient",02/01/2020,10/24/2020,2440,10784,2582,1204,91,3896,
10/28/2020,Maryland,"Healthcare Setting, Outpatient or Emergency Room",02/01/2020,10/24/2020,176,2845,125,25,,278,One or more data cells have counts between 1-9 and have been suppressed in accordance with NCHS confidentiality standards.
10/28/2020,Maryland,"Healthcare Setting, Dead on Arrival",02/01/2020,10/24/2020,,50,,,0,,One or more data cells have counts between 1-9 and have been suppressed in accordance with NCHS confidentiality standards.
10/28/2020,Maryland,Decedent's Home,02/01/2020,10/24/2020,185,13891,238,33,,398,One or more data cells have counts between 1-9 and have been suppressed in accordance with NCHS confidentiality standards.
10/28/2020,Maryland,Hospice Facility,02/01/2020,10/24/2020,370,4344,499,138,12,742,
10/28/2020,Maryland,Nursing Home or Long Term Care Facility,02/01/2020,10/24/2020,1090,6596,479,205,13,1375,
10/28/2020,Maryland,Other,02/01/2020,10/24/2020,163,4317,123,30,,257,One or more data cells have counts between 1-9 and have been suppressed in accordance with NCHS confidentiality standards.
10/28/2020,Maryland,Place of Death Unknown,02/01/2020,10/24/2020,0,0,0,0,0,0,
10/28/2020,Massachusetts,"Healthcare Setting, Inpatient",02/01/2020,10/24/2020,3992,15817,3878,2083,114,5899,
10/28/2020,Massachusetts,"Healthcare Setting, Outpatient or Emergency Room",02/01/2020,10/24/2020,182,3253,154,45,,297,One or more data cells have counts between 1-9 and have been suppressed in accordance with NCHS confidentiality standards.
10/28/2020,Massachusetts,"Healthcare Setting, Dead on Arrival",02/01/2020,10/24/2020,,375,,0,0,,One or more data cells have counts between 1-9 and have been suppressed in accordance with NCHS confidentiality standards.
10/28/2020,Massachusetts,Decedent's Home,02/01/2020,10/24/2020,213,14029,292,48,16,472,
10/28/2020,Massachusetts,Hospice Facility,02/01/2020,10/24/2020,41,2193,119,26,11,145,
10/28/2020,Massachusetts,Nursing Home or Long Term Care Facility,02/01/2020,10/24/2020,3523,11768,1159,687,14,4007,
10/28/2020,Massachusetts,Other,02/01/2020,10/24/2020,236,3067,90,31,,296,One or more data cells have counts between 1-9 and have been suppressed in accordance with NCHS confidentiality standards.
10/28/2020,Massachusetts,Place of Death Unknown,02/01/2020,10/24/2020,0,0,0,0,0,0,
10/28/2020,Michigan,"Healthcare Setting, Inpatient",02/01/2020,10/24/2020,4747,23491,5510,2734,180,7699,
10/28/2020,Michigan,"Healthcare Setting, Outpatient or Emergency Room",02/01/2020,10/24/2020,275,4552,300,104,12,483,
10/28/2020,Michigan,"Healthcare Setting, Dead on Arrival",02/01/2020,10/24/2020,,112,,,0,,One or more data cells have counts between 1-9 and have been suppressed in accordance with NCHS confidentiality standards.
10/28/2020,Michigan,Decedent's Home,02/01/2020,10/24/2020,359,29886,468,93,18,752,
10/28/2020,Michigan,Hospice Facility,02/01/2020,10/24/2020,176,6414,192,37,,334,One or more data cells have counts between 1-9 and have been suppressed in accordance with NCHS confidentiality standards.
10/28/2020,Michigan,Nursing Home or Long Term Care Facility,02/01/2020,10/24/2020,922,12077,607,189,26,1365,
10/28/2020,Michigan,Other,02/01/2020,10/24/2020,62,2158,63,26,,103,One or more data cells have counts between 1-9 and have been suppressed in accordance with NCHS confidentiality standards.
10/28/2020,Michigan,Place of Death Unknown,02/01/2020,10/24/2020,36,2338,33,,0,63,One or more data cells have counts between 1-9 and have been suppressed in accordance with NCHS confidentiality standards.
10/28/2020,Minnesota,"Healthcare Setting, Inpatient",02/01/2020,10/24/2020,859,8099,1391,425,76,1900,
10/28/2020,Minnesota,"Healthcare Setting, Outpatient or Emergency Room",02/01/2020,10/24/2020,38,1226,51,,,81,One or more data cells have counts between 1-9 and have been suppressed in accordance with NCHS confidentiality standards.
10/28/2020,Minnesota,"Healthcare Setting, Dead on Arrival",02/01/2020,10/24/2020,0,35,0,0,0,0,
10/28/2020,Minnesota,Decedent's Home,02/01/2020,10/24/2020,159,11863,314,28,13,458,
10/28/2020,Minnesota,Hospice Facility,02/01/2020,10/24/2020,,1170,47,,,58,One or more data cells have counts between 1-9 and have been suppressed in accordance with NCHS confidentiality standards.
10/28/2020,Minnesota,Nursing Home or Long Term Care Facility,02/01/2020,10/24/2020,1186,11046,667,194,27,1686,
10/28/2020,Minnesota,Other,02/01/2020,10/24/2020,39,1884,50,,,82,One or more data cells have counts between 1-9 and have been suppressed in accordance with NCHS confidentiality standards.
10/28/2020,Minnesota,Place of Death Unknown,02/01/2020,10/24/2020,0,24,0,0,0,0,
10/28/2020,Mississippi,"Healthcare Setting, Inpatient",02/01/2020,10/24/2020,2293,8984,2655,1402,40,3582,
10/28/2020,Mississippi,"Healthcare Setting, Outpatient or Emergency Room",02/01/2020,10/24/2020,139,2342,145,47,,243,One or more data cells have counts between 1-9 and have been suppressed in accordance with NCHS confidentiality standards.
10/28/2020,Mississippi,"Healthcare Setting, Dead on Arrival",02/01/2020,10/24/2020,,60,,,0,,One or more data cells have counts between 1-9 and have been suppressed in accordance with NCHS confidentiality standards.
10/28/2020,Mississippi,Decedent's Home,02/01/2020,10/24/2020,159,9373,166,28,,306,One or more data cells have counts between 1-9 and have been suppressed in accordance with NCHS confidentiality standards.
10/28/2020,Mississippi,Hospice Facility,02/01/2020,10/24/2020,13,1236,86,,,97,One or more data cells have counts between 1-9 and have been suppressed in accordance with NCHS confidentiality standards.
10/28/2020,Mississippi,Nursing Home or Long Term Care Facility,02/01/2020,10/24/2020,500,3765,257,132,,626,One or more data cells have counts between 1-9 and have been suppressed in accordance with NCHS confidentiality standards.
10/28/2020,Mississippi,Other,02/01/2020,10/24/2020,17,1726,11,,0,25,One or more data cells have counts between 1-9 and have been suppressed in accordance with NCHS confidentiality standards.
10/28/2020,Mississippi,Place of Death Unknown,02/01/2020,10/24/2020,,,0,0,0,,One or more data cells have counts between 1-9 and have been suppressed in accordance with NCHS confidentiality standards.
10/28/2020,Missouri,"Healthcare Setting, Inpatient",02/01/2020,10/24/2020,1707,14067,2393,847,122,3374,
10/28/2020,Missouri,"Healthcare Setting, Outpatient or Emergency Room",02/01/2020,10/24/2020,70,2803,100,19,10,161,
10/28/2020,Missouri,"Healthcare Setting, Dead on Arrival",02/01/2020,10/24/2020,0,43,0,0,,,One or more data cells have counts between 1-9 and have been suppressed in accordance with NCHS confidentiality standards.
10/28/2020,Missouri,Decedent's Home,02/01/2020,10/24/2020,132,17347,279,32,14,393,
10/28/2020,Missouri,Hospice Facility,02/01/2020,10/24/2020,18,1973,67,,12,92,One or more data cells have counts between 1-9 and have been suppressed in accordance with NCHS confidentiality standards.
10/28/2020,Missouri,Nursing Home or Long Term Care Facility,02/01/2020,10/24/2020,870,11453,501,143,19,1247,
10/28/2020,Missouri,Other,02/01/2020,10/24/2020,17,2456,26,,,42,One or more data cells have counts between 1-9 and have been suppressed in accordance with NCHS confidentiality standards.
10/28/2020,Missouri,Place of Death Unknown,02/01/2020,10/24/2020,0,0,0,0,0,0,
10/28/2020,Montana,"Healthcare Setting, Inpatient",02/01/2020,10/24/2020,177,2093,303,90,19,409,
10/28/2020,Montana,"Healthcare Setting, Outpatient or Emergency Room",02/01/2020,10/24/2020,,273,,,0,13,One or more data cells have counts between 1-9 and have been suppressed in accordance with NCHS confidentiality standards.
10/28/2020,Montana,"Healthcare Setting, Dead on Arrival",02/01/2020,10/24/2020,0,11,0,0,0,0,
10/28/2020,Montana,Decedent's Home,02/01/2020,10/24/2020,20,2843,49,,,68,One or more data cells have counts between 1-9 and have been suppressed in accordance with NCHS confidentiality standards.
10/28/2020,Montana,Hospice Facility,02/01/2020,10/24/2020,,321,17,0,,19,One or more data cells have counts between 1-9 and have been suppressed in accordance with NCHS confidentiality standards.
10/28/2020,Montana,Nursing Home or Long Term Care Facility,02/01/2020,10/24/2020,47,1820,53,,12,103,One or more data cells have counts between 1-9 and have been suppressed in accordance with NCHS confidentiality standards.
10/28/2020,Montana,Other,02/01/2020,10/24/2020,,455,,0,0,,One or more data cells have counts between 1-9 and have been suppressed in accordance with NCHS confidentiality standards.
10/28/2020,Montana,Place of Death Unknown,02/01/2020,10/24/2020,0,0,0,0,0,0,
10/28/2020,Nebraska,"Healthcare Setting, Inpatient",02/01/2020,10/24/2020,419,3521,637,211,17,862,
10/28/2020,Nebraska,"Healthcare Setting, Outpatient or Emergency Room",02/01/2020,10/24/2020,20,721,31,,,48,One or more data cells have counts between 1-9 and have been suppressed in accordance with NCHS confidentiality standards.
10/28/2020,Nebraska,"Healthcare Setting, Dead on Arrival",02/01/2020,10/24/2020,0,,0,0,0,0,One or more data cells have counts between 1-9 and have been suppressed in accordance with NCHS confidentiality standards.
10/28/2020,Nebraska,Decedent's Home,02/01/2020,10/24/2020,38,3819,105,,,139,One or more data cells have counts between 1-9 and have been suppressed in accordance with NCHS confidentiality standards.
10/28/2020,Nebraska,Hospice Facility,02/01/2020,10/24/2020,0,315,16,0,,17,One or more data cells have counts between 1-9 and have been suppressed in accordance with NCHS confidentiality standards.
10/28/2020,Nebraska,Nursing Home or Long Term Care Facility,02/01/2020,10/24/2020,130,3255,167,35,,267,One or more data cells have counts between 1-9 and have been suppressed in accordance with NCHS confidentiality standards.
10/28/2020,Nebraska,Other,02/01/2020,10/24/2020,29,1412,26,,,56,One or more data cells have counts between 1-9 and have been suppressed in accordance with NCHS confidentiality standards.
10/28/2020,Nebraska,Place of Death Unknown,02/01/2020,10/24/2020,0,0,0,0,0,0,
10/28/2020,Nevada,"Healthcare Setting, Inpatient",02/01/2020,10/24/2020,1250,6757,1936,1024,26,2188,
10/28/2020,Nevada,"Healthcare Setting, Outpatient or Emergency Room",02/01/2020,10/24/2020,52,1825,84,31,,109,One or more data cells have counts between 1-9 and have been suppressed in accordance with NCHS confidentiality standards.
10/28/2020,Nevada,"Healthcare Setting, Dead on Arrival",02/01/2020,10/24/2020,0,,0,0,0,0,One or more data cells have counts between 1-9 and have been suppressed in accordance with NCHS confidentiality standards.
10/28/2020,Nevada,Decedent's Home,02/01/2020,10/24/2020,76,7388,88,18,,155,One or more data cells have counts between 1-9 and have been suppressed in accordance with NCHS confidentiality standards.
10/28/2020,Nevada,Hospice Facility,02/01/2020,10/24/2020,189,3646,188,112,,267,One or more data cells have counts between 1-9 and have been suppressed in accordance with NCHS confidentiality standards.
10/28/2020,Nevada,Nursing Home or Long Term Care Facility,02/01/2020,10/24/2020,33,499,42,22,0,53,
10/28/2020,Nevada,Other,02/01/2020,10/24/2020,25,1235,47,17,0,55,
10/28/2020,Nevada,Place of Death Unknown,02/01/2020,10/24/2020,0,0,0,0,0,0,
10/28/2020,New Hampshire,"Healthcare Setting, Inpatient",02/01/2020,10/24/2020,176,2410,353,95,28,460,
10/28/2020,New Hampshire,"Healthcare Setting, Outpatient or Emergency Room",02/01/2020,10/24/2020,,377,13,0,,20,One or more data cells have counts between 1-9 and have been suppressed in accordance with NCHS confidentiality standards.
10/28/2020,New Hampshire,"Healthcare Setting, Dead on Arrival",02/01/2020,10/24/2020,0,11,0,0,0,0,
10/28/2020,New Hampshire,Decedent's Home,02/01/2020,10/24/2020,,3553,55,,,62,One or more data cells have counts between 1-9 and have been suppressed in accordance with NCHS confidentiality standards.
10/28/2020,New Hampshire,Hospice Facility,02/01/2020,10/24/2020,,363,14,,0,17,One or more data cells have counts between 1-9 and have been suppressed in accordance with NCHS confidentiality standards.
10/28/2020,New Hampshire,Nursing Home or Long Term Care Facility,02/01/2020,10/24/2020,249,2360,125,23,,352,One or more data cells have counts between 1-9 and have been suppressed in accordance with NCHS confidentiality standards.
10/28/2020,New Hampshire,Other,02/01/2020,10/24/2020,10,611,12,,0,20,One or more data cells have counts between 1-9 and have been suppressed in accordance with NCHS confidentiality standards.
10/28/2020,New Hampshire,Place of Death Unknown,02/01/2020,10/24/2020,0,,0,0,0,0,One or more data cells have counts between 1-9 and have been suppressed in accordance with NCHS confidentiality standards.
10/28/2020,New Jersey,"Healthcare Setting, Inpatient",02/01/2020,10/24/2020,8966,25086,7413,5220,83,11233,
10/28/2020,New Jersey,"Healthcare Setting, Outpatient or Emergency Room",02/01/2020,10/24/2020,452,3692,276,139,,592,One or more data cells have counts between 1-9 and have been suppressed in accordance with NCHS confidentiality standards.
10/28/2020,New Jersey,"Healthcare Setting, Dead on Arrival",02/01/2020,10/24/2020,23,242,11,,0,30,One or more data cells have counts between 1-9 and have been suppressed in accordance with NCHS confidentiality standards.
10/28/2020,New Jersey,Decedent's Home,02/01/2020,10/24/2020,674,20958,379,125,14,940,
10/28/2020,New Jersey,Hospice Facility,02/01/2020,10/24/2020,294,2320,190,114,,373,One or more data cells have counts between 1-9 and have been suppressed in accordance with NCHS confidentiality standards.
10/28/2020,New Jersey,Nursing Home or Long Term Care Facility,02/01/2020,10/24/2020,3884,15344,2002,1308,14,4591,
10/28/2020,New Jersey,Other,02/01/2020,10/24/2020,217,3424,124,75,,269,One or more data cells have counts between 1-9 and have been suppressed in accordance with NCHS confidentiality standards.
10/28/2020,New Jersey,Place of Death Unknown,02/01/2020,10/24/2020,,,,,0,,One or more data cells have counts between 1-9 and have been suppressed in accordance with NCHS confidentiality standards.
10/28/2020,New Mexico,"Healthcare Setting, Inpatient",02/01/2020,10/24/2020,566,3537,774,320,16,1036,
10/28/2020,New Mexico,"Healthcare Setting, Outpatient or Emergency Room",02/01/2020,10/24/2020,25,631,36,12,,51,One or more data cells have counts between 1-9 and have been suppressed in accordance with NCHS confidentiality standards.
10/28/2020,New Mexico,"Healthcare Setting, Dead on Arrival",02/01/2020,10/24/2020,,13,0,0,0,,One or more data cells have counts between 1-9 and have been suppressed in accordance with NCHS confidentiality standards.
10/28/2020,New Mexico,Decedent's Home,02/01/2020,10/24/2020,64,6503,126,23,11,178,
10/28/2020,New Mexico,Hospice Facility,02/01/2020,10/24/2020,,466,33,,0,33,One or more data cells have counts between 1-9 and have been suppressed in accordance with NCHS confidentiality standards.
10/28/2020,New Mexico,Nursing Home or Long Term Care Facility,02/01/2020,10/24/2020,184,2291,108,28,0,264,
10/28/2020,New Mexico,Other,02/01/2020,10/24/2020,13,1277,15,,0,25,One or more data cells have counts between 1-9 and have been suppressed in accordance with NCHS confidentiality standards.
10/28/2020,New Mexico,Place of Death Unknown,02/01/2020,10/24/2020,0,,0,0,0,0,One or more data cells have counts between 1-9 and have been suppressed in accordance with NCHS confidentiality standards.
10/28/2020,New York,"Healthcare Setting, Inpatient",02/01/2020,10/24/2020,7217,27006,7515,4153,119,10696,
10/28/2020,New York,"Healthcare Setting, Outpatient or Emergency Room",02/01/2020,10/24/2020,340,4783,325,115,,556,One or more data cells have counts between 1-9 and have been suppressed in accordance with NCHS confidentiality standards.
10/28/2020,New York,"Healthcare Setting, Dead on Arrival",02/01/2020,10/24/2020,24,446,12,,,29,One or more data cells have counts between 1-9 and have been suppressed in accordance with NCHS confidentiality standards.
10/28/2020,New York,Decedent's Home,02/01/2020,10/24/2020,562,27461,664,154,39,1101,
10/28/2020,New York,Hospice Facility,02/01/2020,10/24/2020,441,5705,635,294,17,795,
10/28/2020,New York,Nursing Home or Long Term Care Facility,02/01/2020,10/24/2020,3084,19392,2066,901,31,4277,
10/28/2020,New York,Other,02/01/2020,10/24/2020,176,2453,89,40,,227,One or more data cells have counts between 1-9 and have been suppressed in accordance with NCHS confidentiality standards.
10/28/2020,New York,Place of Death Unknown,02/01/2020,10/24/2020,,36,,,0,,One or more data cells have counts between 1-9 and have been suppressed in accordance with NCHS confidentiality standards.
10/28/2020,New York City,"Healthcare Setting, Inpatient",02/01/2020,10/24/2020,15121,31951,9334,6633,92,17908,
10/28/2020,New York City,"Healthcare Setting, Outpatient or Emergency Room",02/01/2020,10/24/2020,1381,5185,835,527,11,1698,
10/28/2020,New York City,"Healthcare Setting, Dead on Arrival",02/01/2020,10/24/2020,24,337,14,,,32,One or more data cells have counts between 1-9 and have been suppressed in accordance with NCHS confidentiality standards.
10/28/2020,New York City,Decedent's Home,02/01/2020,10/24/2020,1941,17106,193,94,841,2070,
10/28/2020,New York City,Hospice Facility,02/01/2020,10/24/2020,12,511,35,,,43,One or more data cells have counts between 1-9 and have been suppressed in accordance with NCHS confidentiality standards.
10/28/2020,New York City,Nursing Home or Long Term Care Facility,02/01/2020,10/24/2020,2348,10010,1044,730,,2667,One or more data cells have counts between 1-9 and have been suppressed in accordance with NCHS confidentiality standards.
10/28/2020,New York City,Other,02/01/2020,10/24/2020,40,877,,,15,46,One or more data cells have counts between 1-9 and have been suppressed in accordance with NCHS confidentiality standards.
10/28/2020,New York City,Place of Death Unknown,02/01/2020,10/24/2020,0,0,0,0,0,0,
10/28/2020,North Carolina,"Healthcare Setting, Inpatient",02/01/2020,10/24/2020,1748,15621,2804,865,168,3854,
10/28/2020,North Carolina,"Healthcare Setting, Outpatient or Emergency Room",02/01/2020,10/24/2020,56,2723,98,16,,146,One or more data cells have counts between 1-9 and have been suppressed in accordance with NCHS confidentiality standards.
10/28/2020,North Carolina,"Healthcare Setting, Dead on Arrival",02/01/2020,10/24/2020,,320,,0,0,,One or more data cells have counts between 1-9 and have been suppressed in accordance with NCHS confidentiality standards.
10/28/2020,North Carolina,Decedent's Home,02/01/2020,10/24/2020,118,20389,335,28,20,443,
10/28/2020,North Carolina,Hospice Facility,02/01/2020,10/24/2020,65,7438,388,26,13,440,
10/28/2020,North Carolina,Nursing Home or Long Term Care Facility,02/01/2020,10/24/2020,697,9964,615,135,18,1195,
10/28/2020,North Carolina,Other,02/01/2020,10/24/2020,34,3773,47,,,80,One or more data cells have counts between 1-9 and have been suppressed in accordance with NCHS confidentiality standards.
10/28/2020,North Carolina,Place of Death Unknown,02/01/2020,10/24/2020,,101,,,0,11,One or more data cells have counts between 1-9 and have been suppressed in accordance with NCHS confidentiality standards.
10/28/2020,North Dakota,"Healthcare Setting, Inpatient",02/01/2020,10/24/2020,207,2072,402,140,17,486,
10/28/2020,North Dakota,"Healthcare Setting, Outpatient or Emergency Room",02/01/2020,10/24/2020,,244,,0,0,,One or more data cells have counts between 1-9 and have been suppressed in accordance with NCHS confidentiality standards.
10/28/2020,North Dakota,"Healthcare Setting, Dead on Arrival",02/01/2020,10/24/2020,0,16,0,0,0,0,
10/28/2020,North Dakota,Decedent's Home,02/01/2020,10/24/2020,15,1259,23,,,37,One or more data cells have counts between 1-9 and have been suppressed in accordance with NCHS confidentiality standards.
10/28/2020,North Dakota,Hospice Facility,02/01/2020,10/24/2020,0,34,0,0,0,0,
10/28/2020,North Dakota,Nursing Home or Long Term Care Facility,02/01/2020,10/24/2020,150,1747,105,29,,228,One or more data cells have counts between 1-9 and have been suppressed in accordance with NCHS confidentiality standards.
10/28/2020,North Dakota,Other,02/01/2020,10/24/2020,,220,,,0,,One or more data cells have counts between 1-9 and have been suppressed in accordance with NCHS confidentiality standards.
10/28/2020,North Dakota,Place of Death Unknown,02/01/2020,10/24/2020,0,,0,0,0,0,One or more data cells have counts between 1-9 and have been suppressed in accordance with NCHS confidentiality standards.
10/28/2020,Ohio,"Healthcare Setting, Inpatient",02/01/2020,10/24/2020,2573,22902,3715,1396,167,5059,
10/28/2020,Ohio,"Healthcare Setting, Outpatient or Emergency Room",02/01/2020,10/24/2020,106,5894,193,34,,273,One or more data cells have counts between 1-9 and have been suppressed in accordance with NCHS confidentiality standards.
10/28/2020,Ohio,"Healthcare Setting, Dead on Arrival",02/01/2020,10/24/2020,,233,11,,0,12,One or more data cells have counts between 1-9 and have been suppressed in accordance with NCHS confidentiality standards.
10/28/2020,Ohio,Decedent's Home,02/01/2020,10/24/2020,174,28979,482,57,39,638,
10/28/2020,Ohio,Hospice Facility,02/01/2020,10/24/2020,275,8785,557,147,21,706,
10/28/2020,Ohio,Nursing Home or Long Term Care Facility,02/01/2020,10/24/2020,1700,22834,1196,447,28,2476,
10/28/2020,Ohio,Other,02/01/2020,10/24/2020,55,4407,66,12,,110,One or more data cells have counts between 1-9 and have been suppressed in accordance with NCHS confidentiality standards.
10/28/2020,Ohio,Place of Death Unknown,02/01/2020,10/24/2020,,37,,0,0,,One or more data cells have counts between 1-9 and have been suppressed in accordance with NCHS confidentiality standards.
10/28/2020,Oklahoma,"Healthcare Setting, Inpatient",02/01/2020,10/24/2020,963,8364,1992,470,89,2568,
10/28/2020,Oklahoma,"Healthcare Setting, Outpatient or Emergency Room",02/01/2020,10/24/2020,63,2361,94,11,,150,One or more data cells have counts between 1-9 and have been suppressed in accordance with NCHS confidentiality standards.
10/28/2020,Oklahoma,"Healthcare Setting, Dead on Arrival",02/01/2020,10/24/2020,0,14,,0,0,,One or more data cells have counts between 1-9 and have been suppressed in accordance with NCHS confidentiality standards.
10/28/2020,Oklahoma,Decedent's Home,02/01/2020,10/24/2020,89,10907,266,16,11,349,
10/28/2020,Oklahoma,Hospice Facility,02/01/2020,10/24/2020,,908,79,,,85,One or more data cells have counts between 1-9 and have been suppressed in accordance with NCHS confidentiality standards.
10/28/2020,Oklahoma,Nursing Home or Long Term Care Facility,02/01/2020,10/24/2020,276,4974,234,45,,467,One or more data cells have counts between 1-9 and have been suppressed in accordance with NCHS confidentiality standards.
10/28/2020,Oklahoma,Other,02/01/2020,10/24/2020,24,1772,28,,,50,One or more data cells have counts between 1-9 and have been suppressed in accordance with NCHS confidentiality standards.
10/28/2020,Oklahoma,Place of Death Unknown,02/01/2020,10/24/2020,0,0,0,0,0,0,
10/28/2020,Oregon,"Healthcare Setting, Inpatient",02/01/2020,10/24/2020,302,6115,792,138,41,997,
10/28/2020,Oregon,"Healthcare Setting, Outpatient or Emergency Room",02/01/2020,10/24/2020,22,1090,38,,,56,One or more data cells have counts between 1-9 and have been suppressed in accordance with NCHS confidentiality standards.
10/28/2020,Oregon,"Healthcare Setting, Dead on Arrival",02/01/2020,10/24/2020,,10,,,0,,One or more data cells have counts between 1-9 and have been suppressed in accordance with NCHS confidentiality standards.
10/28/2020,Oregon,Decedent's Home,02/01/2020,10/24/2020,60,12025,180,13,11,238,
10/28/2020,Oregon,Hospice Facility,02/01/2020,10/24/2020,0,652,15,0,,16,One or more data cells have counts between 1-9 and have been suppressed in accordance with NCHS confidentiality standards.
10/28/2020,Oregon,Nursing Home or Long Term Care Facility,02/01/2020,10/24/2020,199,5055,203,38,10,373,
10/28/2020,Oregon,Other,02/01/2020,10/24/2020,12,2615,46,,,58,One or more data cells have counts between 1-9 and have been suppressed in accordance with NCHS confidentiality standards.
10/28/2020,Oregon,Place of Death Unknown,02/01/2020,10/24/2020,0,0,0,0,0,0,
10/28/2020,Pennsylvania,"Healthcare Setting, Inpatient",02/01/2020,10/24/2020,4437,29289,5274,2346,172,7533,
10/28/2020,Pennsylvania,"Healthcare Setting, Outpatient or Emergency Room",02/01/2020,10/24/2020,156,4660,170,41,10,295,
10/28/2020,Pennsylvania,"Healthcare Setting, Dead on Arrival",02/01/2020,10/24/2020,,414,,0,,,One or more data cells have counts between 1-9 and have been suppressed in accordance with NCHS confidentiality standards.
10/28/2020,Pennsylvania,Decedent's Home,02/01/2020,10/24/2020,304,34538,535,72,16,783,
10/28/2020,Pennsylvania,Hospice Facility,02/01/2020,10/24/2020,190,5405,310,89,17,428,
10/28/2020,Pennsylvania,Nursing Home or Long Term Care Facility,02/01/2020,10/24/2020,3740,28238,1548,620,38,4706,
10/28/2020,Pennsylvania,Other,02/01/2020,10/24/2020,32,4845,50,,0,78,One or more data cells have counts between 1-9 and have been suppressed in accordance with NCHS confidentiality standards.
10/28/2020,Pennsylvania,Place of Death Unknown,02/01/2020,10/24/2020,,10,,0,0,,One or more data cells have counts between 1-9 and have been suppressed in accordance with NCHS confidentiality standards.
10/28/2020,Rhode Island,"Healthcare Setting, Inpatient",02/01/2020,10/24/2020,354,1738,356,199,11,522,
10/28/2020,Rhode Island,"Healthcare Setting, Outpatient or Emergency Room",02/01/2020,10/24/2020,23,635,25,10,0,38,
10/28/2020,Rhode Island,"Healthcare Setting, Dead on Arrival",02/01/2020,10/24/2020,,31,,0,,,One or more data cells have counts between 1-9 and have been suppressed in accordance with NCHS confidentiality standards.
10/28/2020,Rhode Island,Decedent's Home,02/01/2020,10/24/2020,37,2278,59,,,90,One or more data cells have counts between 1-9 and have been suppressed in accordance with NCHS confidentiality standards.
10/28/2020,Rhode Island,Hospice Facility,02/01/2020,10/24/2020,103,1082,106,76,,139,One or more data cells have counts between 1-9 and have been suppressed in accordance with NCHS confidentiality standards.
10/28/2020,Rhode Island,Nursing Home or Long Term Care Facility,02/01/2020,10/24/2020,568,2297,203,132,,643,One or more data cells have counts between 1-9 and have been suppressed in accordance with NCHS confidentiality standards.
10/28/2020,Rhode Island,Other,02/01/2020,10/24/2020,,123,,0,0,,One or more data cells have counts between 1-9 and have been suppressed in accordance with NCHS confidentiality standards.
10/28/2020,Rhode Island,Place of Death Unknown,02/01/2020,10/24/2020,35,154,28,15,0,48,
10/28/2020,South Carolina,"Healthcare Setting, Inpatient",02/01/2020,10/24/2020,2403,12171,2672,1276,71,3866,
10/28/2020,South Carolina,"Healthcare Setting, Outpatient or Emergency Room",02/01/2020,10/24/2020,119,2681,84,28,0,175,
10/28/2020,South Carolina,"Healthcare Setting, Dead on Arrival",02/01/2020,10/24/2020,0,20,0,0,0,0,
10/28/2020,South Carolina,Decedent's Home,02/01/2020,10/24/2020,208,16192,287,48,12,459,
10/28/2020,South Carolina,Hospice Facility,02/01/2020,10/24/2020,207,3329,216,68,,362,One or more data cells have counts between 1-9 and have been suppressed in accordance with NCHS confidentiality standards.
10/28/2020,South Carolina,Nursing Home or Long Term Care Facility,02/01/2020,10/24/2020,654,5872,338,124,10,878,
10/28/2020,South Carolina,Other,02/01/2020,10/24/2020,29,2504,28,,,53,One or more data cells have counts between 1-9 and have been suppressed in accordance with NCHS confidentiality standards.
10/28/2020,South Carolina,Place of Death Unknown,02/01/2020,10/24/2020,0,0,0,0,0,0,
10/28/2020,South Dakota,"Healthcare Setting, Inpatient",02/01/2020,10/24/2020,212,1662,337,125,10,434,
10/28/2020,South Dakota,"Healthcare Setting, Outpatient or Emergency Room",02/01/2020,10/24/2020,10,345,,,0,18,One or more data cells have counts between 1-9 and have been suppressed in accordance with NCHS confidentiality standards.
10/28/2020,South Dakota,"Healthcare Setting, Dead on Arrival",02/01/2020,10/24/2020,0,10,0,0,0,0,
10/28/2020,South Dakota,Decedent's Home,02/01/2020,10/24/2020,16,1506,41,,,52,One or more data cells have counts between 1-9 and have been suppressed in accordance with NCHS confidentiality standards.
10/28/2020,South Dakota,Hospice Facility,02/01/2020,10/24/2020,19,695,51,,,66,One or more data cells have counts between 1-9 and have been suppressed in accordance with NCHS confidentiality standards.
10/28/2020,South Dakota,Nursing Home or Long Term Care Facility,02/01/2020,10/24/2020,118,1752,92,29,,187,One or more data cells have counts between 1-9 and have been suppressed in accordance with NCHS confidentiality standards.
10/28/2020,South Dakota,Other,02/01/2020,10/24/2020,,338,,,,11,One or more data cells have counts between 1-9 and have been suppressed in accordance with NCHS confidentiality standards.
10/28/2020,South Dakota,Place of Death Unknown,02/01/2020,10/24/2020,0,0,0,0,0,0,
10/28/2020,Tennessee,"Healthcare Setting, Inpatient",02/01/2020,10/24/2020,2199,18751,3771,1258,99,4811,
10/28/2020,Tennessee,"Healthcare Setting, Outpatient or Emergency Room",02/01/2020,10/24/2020,117,4966,206,36,,292,One or more data cells have counts between 1-9 and have been suppressed in accordance with NCHS confidentiality standards.
10/28/2020,Tennessee,"Healthcare Setting, Dead on Arrival",02/01/2020,10/24/2020,16,1295,25,,,37,One or more data cells have counts between 1-9 and have been suppressed in accordance with NCHS confidentiality standards.
10/28/2020,Tennessee,Decedent's Home,02/01/2020,10/24/2020,130,20211,410,34,12,518,
10/28/2020,Tennessee,Hospice Facility,02/01/2020,10/24/2020,60,2125,131,36,,163,One or more data cells have counts between 1-9 and have been suppressed in accordance with NCHS confidentiality standards.
10/28/2020,Tennessee,Nursing Home or Long Term Care Facility,02/01/2020,10/24/2020,412,9491,564,107,11,880,
10/28/2020,Tennessee,Other,02/01/2020,10/24/2020,25,3323,52,,0,72,One or more data cells have counts between 1-9 and have been suppressed in accordance with NCHS confidentiality standards.
10/28/2020,Tennessee,Place of Death Unknown,02/01/2020,10/24/2020,0,0,0,0,0,0,
10/28/2020,Texas,"Healthcare Setting, Inpatient",02/01/2020,10/24/2020,13212,55700,14335,7927,277,19887,
10/28/2020,Texas,"Healthcare Setting, Outpatient or Emergency Room",02/01/2020,10/24/2020,638,11403,536,158,13,1029,
10/28/2020,Texas,"Healthcare Setting, Dead on Arrival",02/01/2020,10/24/2020,11,203,,,0,15,One or more data cells have counts between 1-9 and have been suppressed in accordance with NCHS confidentiality standards.
10/28/2020,Texas,Decedent's Home,02/01/2020,10/24/2020,1282,58387,1325,232,44,2417,
10/28/2020,Texas,Hospice Facility,02/01/2020,10/24/2020,204,7824,723,104,11,834,
10/28/2020,Texas,Nursing Home or Long Term Care Facility,02/01/2020,10/24/2020,2060,26403,1467,579,15,2962,
10/28/2020,Texas,Other,02/01/2020,10/24/2020,299,12582,305,85,,528,One or more data cells have counts between 1-9 and have been suppressed in accordance with NCHS confidentiality standards.
10/28/2020,Texas,Place of Death Unknown,02/01/2020,10/24/2020,0,0,0,0,0,0,
10/28/2020,Utah,"Healthcare Setting, Inpatient",02/01/2020,10/24/2020,329,3090,552,180,19,720,
10/28/2020,Utah,"Healthcare Setting, Outpatient or Emergency Room",02/01/2020,10/24/2020,,581,19,,,29,One or more data cells have counts between 1-9 and have been suppressed in accordance with NCHS confidentiality standards.
10/28/2020,Utah,"Healthcare Setting, Dead on Arrival",02/01/2020,10/24/2020,0,15,0,0,0,0,
10/28/2020,Utah,Decedent's Home,02/01/2020,10/24/2020,62,6888,175,15,10,232,
10/28/2020,Utah,Hospice Facility,02/01/2020,10/24/2020,0,0,0,0,0,0,
10/28/2020,Utah,Nursing Home or Long Term Care Facility,02/01/2020,10/24/2020,168,3574,146,21,,300,One or more data cells have counts between 1-9 and have been suppressed in accordance with NCHS confidentiality standards.
10/28/2020,Utah,Other,02/01/2020,10/24/2020,14,1204,23,,,33,One or more data cells have counts between 1-9 and have been suppressed in accordance with NCHS confidentiality standards.
10/28/2020,Utah,Place of Death Unknown,02/01/2020,10/24/2020,0,0,0,0,0,0,
10/28/2020,Vermont,"Healthcare Setting, Inpatient",02/01/2020,10/24/2020,28,938,113,13,,137,One or more data cells have counts between 1-9 and have been suppressed in accordance with NCHS confidentiality standards.
10/28/2020,Vermont,"Healthcare Setting, Outpatient or Emergency Room",02/01/2020,10/24/2020,,186,,0,,,One or more data cells have counts between 1-9 and have been suppressed in accordance with NCHS confidentiality standards.
10/28/2020,Vermont,"Healthcare Setting, Dead on Arrival",02/01/2020,10/24/2020,0,,0,0,0,0,One or more data cells have counts between 1-9 and have been suppressed in accordance with NCHS confidentiality standards.
10/28/2020,Vermont,Decedent's Home,02/01/2020,10/24/2020,,1666,29,0,,31,One or more data cells have counts between 1-9 and have been suppressed in accordance with NCHS confidentiality standards.
10/28/2020,Vermont,Hospice Facility,02/01/2020,10/24/2020,0,258,11,0,,12,One or more data cells have counts between 1-9 and have been suppressed in accordance with NCHS confidentiality standards.
10/28/2020,Vermont,Nursing Home or Long Term Care Facility,02/01/2020,10/24/2020,31,1085,43,,,75,One or more data cells have counts between 1-9 and have been suppressed in accordance with NCHS confidentiality standards.
10/28/2020,Vermont,Other,02/01/2020,10/24/2020,,286,,0,,,One or more data cells have counts between 1-9 and have been suppressed in accordance with NCHS confidentiality standards.
10/28/2020,Vermont,Place of Death Unknown,02/01/2020,10/24/2020,0,,0,0,0,0,One or more data cells have counts between 1-9 and have been suppressed in accordance with NCHS confidentiality standards.
10/28/2020,Virginia,"Healthcare Setting, Inpatient",02/01/2020,10/24/2020,2183,16329,2642,1093,73,3803,
10/28/2020,Virginia,"Healthcare Setting, Outpatient or Emergency Room",02/01/2020,10/24/2020,92,2740,118,22,11,199,
10/28/2020,Virginia,"Healthcare Setting, Dead on Arrival",02/01/2020,10/24/2020,,147,,,,,One or more data cells have counts between 1-9 and have been suppressed in accordance with NCHS confidentiality standards.
10/28/2020,Virginia,Decedent's Home,02/01/2020,10/24/2020,179,20323,272,29,18,439,
10/28/2020,Virginia,Hospice Facility,02/01/2020,10/24/2020,50,1517,54,21,,84,One or more data cells have counts between 1-9 and have been suppressed in accordance with NCHS confidentiality standards.
10/28/2020,Virginia,Nursing Home or Long Term Care Facility,02/01/2020,10/24/2020,909,10043,336,89,10,1166,
10/28/2020,Virginia,Other,02/01/2020,10/24/2020,43,4153,29,,,68,One or more data cells have counts between 1-9 and have been suppressed in accordance with NCHS confidentiality standards.
10/28/2020,Virginia,Place of Death Unknown,02/01/2020,10/24/2020,,49,,0,0,,One or more data cells have counts between 1-9 and have been suppressed in accordance with NCHS confidentiality standards.
10/28/2020,Washington,"Healthcare Setting, Inpatient",02/01/2020,10/24/2020,1209,12490,2173,766,82,2693,
10/28/2020,Washington,"Healthcare Setting, Outpatient or Emergency Room",02/01/2020,10/24/2020,29,1210,76,11,,95,One or more data cells have counts between 1-9 and have been suppressed in accordance with NCHS confidentiality standards.
10/28/2020,Washington,"Healthcare Setting, Dead on Arrival",02/01/2020,10/24/2020,,37,,0,0,,One or more data cells have counts between 1-9 and have been suppressed in accordance with NCHS confidentiality standards.
10/28/2020,Washington,Decedent's Home,02/01/2020,10/24/2020,170,17999,380,68,17,499,
10/28/2020,Washington,Hospice Facility,02/01/2020,10/24/2020,58,2637,121,24,,160,One or more data cells have counts between 1-9 and have been suppressed in accordance with NCHS confidentiality standards.
10/28/2020,Washington,Nursing Home or Long Term Care Facility,02/01/2020,10/24/2020,551,7640,422,178,,804,One or more data cells have counts between 1-9 and have been suppressed in accordance with NCHS confidentiality standards.
10/28/2020,Washington,Other,02/01/2020,10/24/2020,38,2448,58,15,,83,One or more data cells have counts between 1-9 and have been suppressed in accordance with NCHS confidentiality standards.
10/28/2020,Washington,Place of Death Unknown,02/01/2020,10/24/2020,0,0,0,0,0,0,
10/28/2020,West Virginia,"Healthcare Setting, Inpatient",02/01/2020,10/24/2020,226,4174,770,105,43,934,
10/28/2020,West Virginia,"Healthcare Setting, Outpatient or Emergency Room",02/01/2020,10/24/2020,,1155,41,,,45,One or more data cells have counts between 1-9 and have been suppressed in accordance with NCHS confidentiality standards.
10/28/2020,West Virginia,"Healthcare Setting, Dead on Arrival",02/01/2020,10/24/2020,0,30,,0,0,,One or more data cells have counts between 1-9 and have been suppressed in accordance with NCHS confidentiality standards.
10/28/2020,West Virginia,Decedent's Home,02/01/2020,10/24/2020,10,5251,80,,,90,One or more data cells have counts between 1-9 and have been suppressed in accordance with NCHS confidentiality standards.
10/28/2020,West Virginia,Hospice Facility,02/01/2020,10/24/2020,,1568,97,,,104,One or more data cells have counts between 1-9 and have been suppressed in accordance with NCHS confidentiality standards.
10/28/2020,West Virginia,Nursing Home or Long Term Care Facility,02/01/2020,10/24/2020,101,2197,98,14,,191,One or more data cells have counts between 1-9 and have been suppressed in accordance with NCHS confidentiality standards.
10/28/2020,West Virginia,Other,02/01/2020,10/24/2020,,797,13,0,,17,One or more data cells have counts between 1-9 and have been suppressed in accordance with NCHS confidentiality standards.
10/28/2020,West Virginia,Place of Death Unknown,02/01/2020,10/24/2020,0,0,0,0,0,0,
10/28/2020,Wisconsin,"Healthcare Setting, Inpatient",02/01/2020,10/24/2020,1061,10196,1321,332,101,2151,
10/28/2020,Wisconsin,"Healthcare Setting, Outpatient or Emergency Room",02/01/2020,10/24/2020,38,1629,51,,,86,One or more data cells have counts between 1-9 and have been suppressed in accordance with NCHS confidentiality standards.
10/28/2020,Wisconsin,"Healthcare Setting, Dead on Arrival",02/01/2020,10/24/2020,,89,,0,0,,One or more data cells have counts between 1-9 and have been suppressed in accordance with NCHS confidentiality standards.
10/28/2020,Wisconsin,Decedent's Home,02/01/2020,10/24/2020,139,13763,222,23,18,356,
10/28/2020,Wisconsin,Hospice Facility,02/01/2020,10/24/2020,69,3044,144,15,,205,One or more data cells have counts between 1-9 and have been suppressed in accordance with NCHS confidentiality standards.
10/28/2020,Wisconsin,Nursing Home or Long Term Care Facility,02/01/2020,10/24/2020,235,6405,281,38,12,490,
10/28/2020,Wisconsin,Other,02/01/2020,10/24/2020,130,6717,130,14,,252,One or more data cells have counts between 1-9 and have been suppressed in accordance with NCHS confidentiality standards.
10/28/2020,Wisconsin,Place of Death Unknown,02/01/2020,10/24/2020,0,0,0,0,0,0,
10/28/2020,Wyoming,"Healthcare Setting, Inpatient",02/01/2020,10/24/2020,34,649,112,21,,129,One or more data cells have counts between 1-9 and have been suppressed in accordance with NCHS confidentiality standards.
10/28/2020,Wyoming,"Healthcare Setting, Outpatient or Emergency Room",02/01/2020,10/24/2020,,217,12,0,,18,One or more data cells have counts between 1-9 and have been suppressed in accordance with NCHS confidentiality standards.
10/28/2020,Wyoming,"Healthcare Setting, Dead on Arrival",02/01/2020,10/24/2020,,11,0,0,0,,One or more data cells have counts between 1-9 and have been suppressed in accordance with NCHS confidentiality standards.
10/28/2020,Wyoming,Decedent's Home,02/01/2020,10/24/2020,,1488,33,,0,39,One or more data cells have counts between 1-9 and have been suppressed in accordance with NCHS confidentiality standards.
10/28/2020,Wyoming,Hospice Facility,02/01/2020,10/24/2020,,354,19,0,0,21,One or more data cells have counts between 1-9 and have been suppressed in accordance with NCHS confidentiality standards.
10/28/2020,Wyoming,Nursing Home or Long Term Care Facility,02/01/2020,10/24/2020,11,668,39,,,51,One or more data cells have counts between 1-9 and have been suppressed in accordance with NCHS confidentiality standards.
10/28/2020,Wyoming,Other,02/01/2020,10/24/2020,,294,,0,0,,One or more data cells have counts between 1-9 and have been suppressed in accordance with NCHS confidentiality standards.
10/28/2020,Wyoming,Place of Death Unknown,02/01/2020,10/24/2020,0,0,0,0,0,0,
10/28/2020,Puerto Rico,"Healthcare Setting, Inpatient",02/01/2020,10/24/2020,631,0,0,0,0,0,
10/28/2020,Puerto Rico,"Healthcare Setting, Outpatient or Emergency Room",02/01/2020,10/24/2020,41,0,0,0,0,0,
10/28/2020,Puerto Rico,"Healthcare Setting, Dead on Arrival",02/01/2020,10/24/2020,,0,0,0,0,0,One or more data cells have counts between 1-9 and have been suppressed in accordance with NCHS confidentiality standards.
10/28/2020,Puerto Rico,Decedent's Home,02/01/2020,10/24/2020,15,0,0,0,0,0,
10/28/2020,Puerto Rico,Hospice Facility,02/01/2020,10/24/2020,0,0,0,0,0,0,
10/28/2020,Puerto Rico,Nursing Home or Long Term Care Facility,02/01/2020,10/24/2020,11,0,0,0,0,0,
10/28/2020,Puerto Rico,Other,02/01/2020,10/24/2020,,0,0,0,0,0,One or more data cells have counts between 1-9 and have been suppressed in accordance with NCHS confidentiality standards.
10/28/2020,Puerto Rico,Place of Death Unknown,02/01/2020,10/24/2020,0,0,0,0,0,0,
